Year,Statistic Name,Name(s),Team(s),Statistic Value
1901,Base on Balls,Dummy Hoy,Chicago,86.0
1901,Batting Average,Nap Lajoie,Philadelphia,0.426
1901,Doubles,Nap Lajoie,Philadelphia,48.0
1901,Hits,Nap Lajoie,Philadelphia,232.0
1901,Home Runs,Nap Lajoie,Philadelphia,14.0
1901,On Base Percentage,Nap Lajoie,Philadelphia,0.463
1901,RBI,Nap Lajoie,Philadelphia,125.0
1901,Runs,Nap Lajoie,Philadelphia,145.0
1901,Slugging Average,Nap Lajoie,Philadelphia,0.643
1901,Stolen Bases,Frank Isbell,Chicago,52.0
1901,Total Bases,Nap Lajoie,Philadelphia,350.0
1901,Triples,Bill Keister,Baltimore,21.0
1901,Triples,Jimmy Williams,Baltimore,21.0
1902,Base on Balls,Topsy Hartsel,Philadelphia,87.0
1902,Batting Average,Ed Delahanty,Washington,0.376
1902,Doubles,Harry Davis,Philadelphia,43.0
1902,Doubles,Ed Delahanty,Washington,43.0
1902,Hits,Charlie Hickman,Boston,193.0
1902,Hits,Charlie Hickman,Cleveland,193.0
1902,Home Runs,Socks Seybold,Philadelphia,16.0
1902,On Base Percentage,Ed Delahanty,Washington,0.453
1902,RBI,Buck Freeman,Boston,121.0
1902,Runs,Dave Fultz,Philadelphia,109.0
1902,Runs,Topsy Hartsel,Philadelphia,109.0
1902,Slugging Average,Ed Delahanty,Washington,0.59
1902,Stolen Bases,Topsy Hartsel,Philadelphia,47.0
1902,Total Bases,Charlie Hickman,Boston,288.0
1902,Total Bases,Charlie Hickman,Cleveland,288.0
1902,Triples,Jimmy Williams,Baltimore,21.0
1903,Base on Balls,Jimmy Barrett,Detroit,74.0
1903,Batting Average,Nap Lajoie,Cleveland,0.344
1903,Doubles,Socks Seybold,Philadelphia,45.0
1903,Hits,Patsy Dougherty,Boston,195.0
1903,Home Runs,Buck Freeman,Boston,13.0
1903,On Base Percentage,Jimmy Barrett,Detroit,0.407
1903,RBI,Buck Freeman,Boston,104.0
1903,Runs,Patsy Dougherty,Boston,107.0
1903,Slugging Average,Nap Lajoie,Cleveland,0.518
1903,Stolen Bases,Harry Bay,Cleveland,45.0
1903,Total Bases,Buck Freeman,Boston,281.0
1903,Triples,Sam Crawford,Detroit,25.0
1904,Base on Balls,Jimmy Barrett,Detroit,79.0
1904,Batting Average,Nap Lajoie,Cleveland,0.376
1904,Doubles,Nap Lajoie,Cleveland,49.0
1904,Hits,Nap Lajoie,Cleveland,211.0
1904,Home Runs,Harry Davis,Philadelphia,10.0
1904,On Base Percentage,Nap Lajoie,Cleveland,0.413
1904,RBI,Nap Lajoie,Cleveland,102.0
1904,Runs,Patsy Dougherty,Boston,113.0
1904,Runs,Patsy Dougherty,New York,113.0
1904,Slugging Average,Nap Lajoie,Cleveland,0.552
1904,Stolen Bases,Harry Bay,Cleveland,38.0
1904,Stolen Bases,Elmer Flick,Cleveland,38.0
1904,Total Bases,Nap Lajoie,Cleveland,305.0
1904,Triples,Joe Cassidy,Washington,19.0
1904,Triples,Buck Freeman,Boston,19.0
1904,Triples,Chick Stahl,Boston,19.0
1905,Base on Balls,Topsy Hartsel,Philadelphia,121.0
1905,Batting Average,Elmer Flick,Cleveland,0.308
1905,Doubles,Harry Davis,Philadelphia,47.0
1905,Hits,George Stone,St. Louis,187.0
1905,Home Runs,Harry Davis,Philadelphia,8.0
1905,On Base Percentage,Topsy Hartsel,Philadelphia,0.409
1905,RBI,Harry Davis,Philadelphia,83.0
1905,Runs,Harry Davis,Philadelphia,93.0
1905,Slugging Average,Elmer Flick,Cleveland,0.462
1905,Stolen Bases,Danny Hoffman,Philadelphia,46.0
1905,Total Bases,George Stone,St. Louis,259.0
1905,Triples,Elmer Flick,Cleveland,18.0
1906,Base on Balls,Topsy Hartsel,Philadelphia,88.0
1906,Batting Average,George Stone,St. Louis,0.358
1906,Doubles,Nap Lajoie,Cleveland,48.0
1906,Hits,Nap Lajoie,Cleveland,214.0
1906,Home Runs,Harry Davis,Philadelphia,12.0
1906,On Base Percentage,George Stone,St. Louis,0.417
1906,RBI,Harry Davis,Philadelphia,96.0
1906,Runs,Elmer Flick,Cleveland,98.0
1906,Slugging Average,George Stone,St. Louis,0.501
1906,Stolen Bases,John Anderson,Washington,39.0
1906,Stolen Bases,Elmer Flick,Cleveland,39.0
1906,Total Bases,George Stone,St. Louis,291.0
1906,Triples,Elmer Flick,Cleveland,22.0
1907,Base on Balls,Topsy Hartsel,Philadelphia,106.0
1907,Batting Average,Ty Cobb,Detroit,0.35
1907,Doubles,Harry Davis,Philadelphia,35.0
1907,Hits,Ty Cobb,Detroit,212.0
1907,Home Runs,Harry Davis,Philadelphia,8.0
1907,On Base Percentage,Topsy Hartsel,Philadelphia,0.405
1907,RBI,Ty Cobb,Detroit,119.0
1907,Runs,Sam Crawford,Detroit,102.0
1907,Slugging Average,Ty Cobb,Detroit,0.468
1907,Stolen Bases,Ty Cobb,Detroit,49.0
1907,Total Bases,Ty Cobb,Detroit,283.0
1907,Triples,Elmer Flick,Cleveland,18.0
1908,Base on Balls,Topsy Hartsel,Philadelphia,93.0
1908,Batting Average,Ty Cobb,Detroit,0.324
1908,Doubles,Ty Cobb,Detroit,36.0
1908,Hits,Ty Cobb,Detroit,188.0
1908,Home Runs,Sam Crawford,Detroit,7.0
1908,On Base Percentage,Doc Gessler,Boston,0.394
1908,RBI,Ty Cobb,Detroit,108.0
1908,Runs,Matty McIntyre,Detroit,105.0
1908,Slugging Average,Ty Cobb,Detroit,0.476
1908,Stolen Bases,Patsy Dougherty,Chicago,47.0
1908,Total Bases,Ty Cobb,Detroit,276.0
1908,Triples,Ty Cobb,Detroit,20.0
1909,Base on Balls,Donie Bush,Detroit,88.0
1909,Batting Average,Ty Cobb,Detroit,0.377
1909,Doubles,Sam Crawford,Detroit,35.0
1909,Hits,Ty Cobb,Detroit,216.0
1909,Home Runs,Ty Cobb,Detroit,9.0
1909,On Base Percentage,Ty Cobb,Detroit,0.431
1909,RBI,Ty Cobb,Detroit,107.0
1909,Runs,Ty Cobb,Detroit,116.0
1909,Slugging Average,Ty Cobb,Detroit,0.517
1909,Stolen Bases,Ty Cobb,Detroit,76.0
1909,Total Bases,Ty Cobb,Detroit,296.0
1909,Triples,Frank Baker,Philadelphia,19.0
1910,Base on Balls,Donie Bush,Detroit,78.0
1910,Batting Average,Nap Lajoie,Detroit,0.384
1910,Doubles,Nap Lajoie,Cleveland,51.0
1910,Hits,Nap Lajoie,Cleveland,227.0
1910,Home Runs,Jake Stahl,Boston,10.0
1910,On Base Percentage,Ty Cobb,Detroit,0.455
1910,RBI,Sam Crawford,Detroit,120.0
1910,Runs,Ty Cobb,Detroit,106.0
1910,Slugging Average,Ty Cobb,Detroit,0.549
1910,Stolen Bases,Eddie Collins,Philadelphia,81.0
1910,Total Bases,Nap Lajoie,Cleveland,304.0
1910,Triples,Sam Crawford,Detroit,19.0
1911,Base on Balls,Donie Bush,Detroit,98.0
1911,Batting Average,Ty Cobb,Detroit,0.419
1911,Doubles,Ty Cobb,Detroit,47.0
1911,Hits,Ty Cobb,Detroit,248.0
1911,Home Runs,Frank Baker,Philadelphia,11.0
1911,On Base Percentage,Joe Jackson,Cleveland,0.468
1911,RBI,Ty Cobb,Detroit,127.0
1911,Runs,Ty Cobb,Detroit,147.0
1911,Slugging Average,Ty Cobb,Detroit,0.62
1911,Stolen Bases,Ty Cobb,Detroit,83.0
1911,Total Bases,Ty Cobb,Detroit,367.0
1911,Triples,Ty Cobb,Detroit,24.0
1912,Base on Balls,Donie Bush,Detroit,117.0
1912,Batting Average,Ty Cobb,Detroit,0.409
1912,Doubles,Tris Speaker,Boston,53.0
1912,Hits,Ty Cobb,Detroit,226.0
1912,Hits,Joe Jackson,Cleveland,226.0
1912,Home Runs,Frank Baker,Philadelphia,10.0
1912,Home Runs,Tris Speaker,Boston,10.0
1912,On Base Percentage,Tris Speaker,Boston,0.464
1912,RBI,Frank Baker,Philadelphia,130.0
1912,Runs,Eddie Collins,Philadelphia,137.0
1912,Slugging Average,Ty Cobb,Detroit,0.584
1912,Stolen Bases,Clyde Milan,Washington,88.0
1912,Total Bases,Joe Jackson,Cleveland,331.0
1912,Triples,Joe Jackson,Cleveland,26.0
1913,Base on Balls,Burt Shotton,St. Louis,99.0
1913,Batting Average,Ty Cobb,Detroit,0.389
1913,Doubles,Joe Jackson,Cleveland,39.0
1913,Hits,Joe Jackson,Cleveland,197.0
1913,Home Runs,Frank Baker,Philadelphia,12.0
1913,On Base Percentage,Ty Cobb,Detroit,0.466
1913,RBI,Frank Baker,Philadelphia,117.0
1913,Runs,Eddie Collins,Philadelphia,125.0
1913,Slugging Average,Joe Jackson,Cleveland,0.551
1913,Stolen Bases,Clyde Milan,Washington,75.0
1913,Total Bases,Sam Crawford,Detroit,298.0
1913,Triples,Sam Crawford,Detroit,23.0
1914,Base on Balls,Donie Bush,Detroit,112.0
1914,Batting Average,Ty Cobb *,Detroit,0.368
1914,Doubles,Tris Speaker,Boston,46.0
1914,Hits,Tris Speaker,Boston,193.0
1914,Home Runs,Frank Baker,Philadelphia,9.0
1914,On Base Percentage,Eddie Collins,Philadelphia,0.452
1914,RBI,Sam Crawford,Detroit,104.0
1914,Runs,Eddie Collins,Philadelphia,122.0
1914,Slugging Average,Tris Speaker,Boston,0.503
1914,Stolen Bases,Fritz Maisel,New York,74.0
1914,Total Bases,Tris Speaker,Boston,287.0
1914,Triples,Sam Crawford,Detroit,26.0
1915,Base on Balls,Eddie Collins,Chicago,119.0
1915,Batting Average,Ty Cobb,Detroit,0.369
1915,Doubles,Bobby Veach,Detroit,40.0
1915,Hits,Ty Cobb,Detroit,208.0
1915,Home Runs,Braggo Roth,Chicago,7.0
1915,Home Runs,Braggo Roth,Cleveland,7.0
1915,On Base Percentage,Ty Cobb,Detroit,0.486
1915,RBI,Sam Crawford,Detroit,112.0
1915,RBI,Bobby Veach,Detroit,112.0
1915,Runs,Ty Cobb,Detroit,144.0
1915,Slugging Average,Jack Fournier,Chicago,0.491
1915,Stolen Bases,Ty Cobb,Detroit,96.0
1915,Total Bases,Ty Cobb,Detroit,274.0
1915,Triples,Sam Crawford,Detroit,19.0
1916,Base on Balls,Burt Shotton,St. Louis,110.0
1916,Batting Average,Tris Speaker,Cleveland,0.386
1916,Doubles,Jack Graney,Cleveland,41.0
1916,Doubles,Tris Speaker,Cleveland,41.0
1916,Hits,Tris Speaker,Cleveland,211.0
1916,Home Runs,Wally Pipp,New York,12.0
1916,On Base Percentage,Tris Speaker,Cleveland,0.47
1916,RBI,Del Pratt,St. Louis,103.0
1916,Runs,Ty Cobb,Detroit,113.0
1916,Slugging Average,Tris Speaker,Cleveland,0.502
1916,Stolen Bases,Ty Cobb,Detroit,68.0
1916,Total Bases,Joe Jackson,Chicago,293.0
1916,Triples,Joe Jackson,Chicago,21.0
1917,Base on Balls,Jack Graney,Cleveland,94.0
1917,Batting Average,Ty Cobb,Detroit,0.383
1917,Doubles,Ty Cobb,Detroit,44.0
1917,Hits,Ty Cobb,Detroit,225.0
1917,Home Runs,Wally Pipp,New York,9.0
1917,On Base Percentage,Ty Cobb,Detroit,0.444
1917,RBI,Bobby Veach,Detroit,103.0
1917,Runs,Donie Bush,Detroit,112.0
1917,Slugging Average,Ty Cobb,Detroit,0.57
1917,Stolen Bases,Ty Cobb,Detroit,55.0
1917,Total Bases,Ty Cobb,Detroit,335.0
1917,Triples,Ty Cobb,Detroit,24.0
1918,Base on Balls,Ray Chapman,Cleveland,84.0
1918,Batting Average,Ty Cobb,Detroit,0.382
1918,Doubles,Tris Speaker,Cleveland,33.0
1918,Hits,George Burns,Philadelphia,178.0
1918,Home Runs,Babe Ruth,Boston,11.0
1918,Home Runs,Tilly Walker,Philadelphia,11.0
1918,On Base Percentage,Ty Cobb,Detroit,0.44
1918,RBI,Bobby Veach,Detroit,78.0
1918,Runs,Ray Chapman,Cleveland,84.0
1918,Slugging Average,Babe Ruth,Boston,0.555
1918,Stolen Bases,George Sisler,St. Louis,45.0
1918,Total Bases,George Burns,Philadelphia,236.0
1918,Triples,Ty Cobb,Detroit,14.0
1919,Base on Balls,Jack Graney,Cleveland,105.0
1919,Batting Average,Ty Cobb,Detroit,0.384
1919,Doubles,BobbyVeach,Detroit,45.0
1919,Hits,Ty Cobb,Detroit,191.0
1919,Hits,BobbyVeach,Detroit,191.0
1919,Home Runs,Babe Ruth,Boston,29.0
1919,On Base Percentage,Babe Ruth,Boston,0.456
1919,RBI,Babe Ruth,Boston,114.0
1919,Runs,Babe Ruth,Boston,103.0
1919,Slugging Average,Babe Ruth,Boston,0.657
1919,Stolen Bases,Eddie Collins,Chicago,33.0
1919,Total Bases,Babe Ruth,Boston,284.0
1919,Triples,BobbyVeach,Detroit,17.0
1920,Base on Balls,Babe Ruth,New York,150.0
1920,Batting Average,George Sisler,St. Louis,0.407
1920,Doubles,Tris Speaker,Cleveland,50.0
1920,Hits,George Sisler,St. Louis,257.0
1920,Home Runs,Babe Ruth,New York,54.0
1920,On Base Percentage,Babe Ruth,New York,0.532
1920,RBI,Babe Ruth,New York,137.0
1920,Runs,Babe Ruth,New York,158.0
1920,Slugging Average,Babe Ruth,New York,0.847
1920,Stolen Bases,Sam Rice,Washington,63.0
1920,Total Bases,George Sisler,St. Louis,399.0
1920,Triples,Joe Jackson,Chicago,20.0
1921,Base on Balls,Babe Ruth,New York,145.0
1921,Batting Average,Harry Heilmann,Detroit,0.394
1921,Doubles,Tris Speaker,Cleveland,52.0
1921,Hits,Harry Heilmann,Detroit,237.0
1921,Home Runs,Babe Ruth,New York,59.0
1921,On Base Percentage,Babe Ruth,New York,0.512
1921,RBI,Babe Ruth,New York,171.0
1921,Runs,Babe Ruth,New York,177.0
1921,Slugging Average,Babe Ruth,New York,0.846
1921,Stolen Bases,George Sisler,St. Louis,35.0
1921,Total Bases,Babe Ruth,New York,457.0
1921,Triples,Howie Shanks,Washington,18.0
1921,Triples,George Sisler,St. Louis,18.0
1921,Triples,Jack Tobin,St. Louis,18.0
1922,Base on Balls,Whitey Witt,New York,89.0
1922,Batting Average,George Sisler,St. Louis,0.42
1922,Doubles,Tris Speaker,Cleveland,48.0
1922,Hits,George Sisler,St. Louis,246.0
1922,Home Runs,Ken Williams,St. Louis,39.0
1922,On Base Percentage,Tris Speaker,Cleveland,0.474
1922,RBI,Ken Williams,St. Louis,155.0
1922,Runs,George Sisler,St. Louis,134.0
1922,Slugging Average,Babe Ruth,New York,0.672
1922,Stolen Bases,George Sisler,St. Louis,51.0
1922,Total Bases,Ken Williams,St. Louis,367.0
1922,Triples,George Sisler,St. Louis,18.0
1923,Base on Balls,Babe Ruth,New York,170.0
1923,Batting Average,Harry Heilmann,Detroit,0.403
1923,Doubles,Tris Speaker,Cleveland,59.0
1923,Hits,Charlie Jamieson,Cleveland,222.0
1923,Home Runs,Babe Ruth,New York,41.0
1923,On Base Percentage,Babe Ruth,New York,0.545
1923,RBI,Babe Ruth,New York,131.0
1923,Runs,Babe Ruth,New York,151.0
1923,Slugging Average,Babe Ruth,New York,0.764
1923,Stolen Bases,Eddie Collins,Chicago,48.0
1923,Total Bases,Babe Ruth,New York,399.0
1923,Triples,Goose Goslin,Washington,18.0
1923,Triples,Sam Rice,Washington,18.0
1924,Base on Balls,Babe Ruth,New York,142.0
1924,Batting Average,Babe Ruth,New York,0.378
1924,Doubles,Harry Heilmann,Detroit,45.0
1924,Doubles,Joe Sewell,Cleveland,45.0
1924,Hits,Sam Rice,Washington,216.0
1924,Home Runs,Babe Ruth,New York,46.0
1924,On Base Percentage,Babe Ruth,New York,0.513
1924,RBI,Goose Goslin,Washington,129.0
1924,Runs,Babe Ruth,New York,143.0
1924,Slugging Average,Babe Ruth,New York,0.739
1924,Stolen Bases,Eddie Collins,Chicago,42.0
1924,Total Bases,Babe Ruth,New York,391.0
1924,Triples,Wally Pipp,New York,19.0
1925,Base on Balls,Willie Kamm,Chicago,90.0
1925,Base on Balls,Johnny Mostil,Chicago,90.0
1925,Batting Average,Harry Heilmann,Detroit,0.393
1925,Doubles,Marty McManus,St. Louis,44.0
1925,Hits,Al Simmons,Philadelphia,253.0
1925,Home Runs,Bob Meusel,New York,33.0
1925,On Base Percentage,Tris Speaker,Cleveland,0.479
1925,RBI,Bob Meusel,New York,138.0
1925,Runs,Johnny Mostil,Chicago,135.0
1925,Slugging Average,Ken Williams,St. Louis,0.613
1925,Stolen Bases,Johnny Mostil,Chicago,43.0
1925,Total Bases,Al Simmons,Philadelphia,392.0
1925,Triples,Goose Goslin,Washington,20.0
1926,Base on Balls,Babe Ruth,New York,144.0
1926,Batting Average,Heinie Manush,Detroit,0.378
1926,Doubles,George Burns,Cleveland,64.0
1926,Hits,Sam Rice,Washington,216.0
1926,Home Runs,Babe Ruth,New York,47.0
1926,On Base Percentage,Babe Ruth,New York,0.516
1926,RBI,Babe Ruth,New York,146.0
1926,Runs,Babe Ruth,New York,139.0
1926,Slugging Average,Babe Ruth,New York,0.737
1926,Stolen Bases,Johnny Mostil,Chicago,35.0
1926,Total Bases,Babe Ruth,New York,365.0
1926,Triples,Babe Ruth,New York,20.0
1927,Base on Balls,Babe Ruth,New York,137.0
1927,Batting Average,Harry Heilmann,Detroit,0.398
1927,Doubles,Lou Gehrig,New York,52.0
1927,Hits,Earle Combs,New York,231.0
1927,Home Runs,Babe Ruth,New York,60.0
1927,On Base Percentage,Babe Ruth,New York,0.486
1927,RBI,Lou Gehrig,New York,175.0
1927,Runs,Babe Ruth,New York,158.0
1927,Slugging Average,Babe Ruth,New York,0.772
1927,Stolen Bases,George Sisler,St. Louis,27.0
1927,Total Bases,Lou Gehrig,New York,447.0
1927,Triples,Earle Combs,New York,23.0
1928,Base on Balls,Babe Ruth,New York,137.0
1928,Batting Average,Goose Goslin,Washington,0.379
1928,Doubles,Lou Gehrig,New York,47.0
1928,Doubles,Henie Manush,St. Louis,47.0
1928,Hits,Henie Manush,St. Louis,241.0
1928,Home Runs,Babe Ruth,New York,54.0
1928,On Base Percentage,Lou Gehrig,New York,0.467
1928,RBI,Lou Gehrig,New York,142.0
1928,RBI,Babe Ruth,New York,142.0
1928,Runs,Babe Ruth,New York,163.0
1928,Slugging Average,Babe Ruth,New York,0.709
1928,Stolen Bases,Buddy Myer,Boston,30.0
1928,Total Bases,Babe Ruth,New York,380.0
1928,Triples,Earle Combs,New York,21.0
1929,Base on Balls,Max Bishop,Philadelphia,128.0
1929,Batting Average,Lew Fonseca,Cleveland,0.369
1929,Doubles,Charlie Gehringer,Detroit,45.0
1929,Doubles,Roy Johnson,Detroit,45.0
1929,Doubles,Henie Manush,St. Louis,45.0
1929,Hits,Dale Alexander,Detroit,215.0
1929,Hits,Charlie Gehringer,Detroit,215.0
1929,Home Runs,Babe Ruth,New York,46.0
1929,On Base Percentage,Jimmie Foxx,Philadelphia,0.463
1929,RBI,Al Simmons,Philadelphia,157.0
1929,Runs,Charlie Gehringer,Detroit,131.0
1929,Slugging Average,Babe Ruth,New York,0.697
1929,Stolen Bases,Charlie Gehringer,Detroit,27.0
1929,Total Bases,Al Simmons,Philadelphia,373.0
1929,Triples,Charlie Gehringer,Detroit,19.0
1930,Base on Balls,Babe Ruth,New York,136.0
1930,Batting Average,Al Simmons,Philadelphia,0.381
1930,Doubles,Johnny Hodapp,Cleveland,51.0
1930,Hits,Johnny Hodapp,Cleveland,225.0
1930,Home Runs,Babe Ruth,New York,49.0
1930,On Base Percentage,Babe Ruth,New York,0.493
1930,RBI,Lou Gehrig,New York,174.0
1930,Runs,Al Simmons,Philadelphia,152.0
1930,Slugging Average,Babe Ruth,New York,0.732
1930,Stolen Bases,Marty McManus,Detroit,23.0
1930,Total Bases,Lou Gehrig,New York,419.0
1930,Triples,Earle Combs,New York,22.0
1931,Base on Balls,Babe Ruth,New York,128.0
1931,Batting Average,Al Simmons,Philadelphia,0.39
1931,Doubles,Earl Webb,Boston,67.0
1931,Hits,Lou Gehrig,New York,211.0
1931,Home Runs,Lou Gehrig,New York,46.0
1931,Home Runs,Babe Ruth,New York,46.0
1931,On Base Percentage,Babe Ruth,New York,0.495
1931,RBI,Lou Gehrig,New York,184.0
1931,Runs,Lou Gehrig,New York,163.0
1931,Slugging Average,Babe Ruth,New York,0.7
1931,Stolen Bases,Ben Chapman,New York,61.0
1931,Total Bases,Lou Gehrig,New York,410.0
1931,Triples,Roy Johnson,Detroit,19.0
1932,Base on Balls,Babe Ruth,New York,130.0
1932,Batting Average,Dale Alexander *,Detroit,0.367
1932,Batting Average,Dale Alexander *,Boston,0.367
1932,Doubles,Eric McNair,Philadelphia,47.0
1932,Hits,Al Simmons,Philadelphia,216.0
1932,Home Runs,Jimmie Foxx,Philadelphia,58.0
1932,On Base Percentage,Babe Ruth,New York,0.489
1932,RBI,Jimmie Foxx,Philadelphia,169.0
1932,Runs,Jimmie Foxx,Philadelphia,151.0
1932,Slugging Average,Jimmie Foxx,Philadelphia,0.749
1932,Stolen Bases,Ben Chapman,New York,38.0
1932,Total Bases,Jimmie Foxx,Philadelphia,438.0
1932,Triples,Joe Cronin,Washington,18.0
1933,Base on Balls,Babe Ruth,New York,114.0
1933,Batting Average,Jimmie Foxx,Philadelphia,0.356
1933,Doubles,Joe Cronin,Washington,45.0
1933,Hits,Heinie Manush,Washington,221.0
1933,Home Runs,Jimmie Foxx,Philadelphia,48.0
1933,On Base Percentage,Mickey Cochrane,Philadelphia,0.459
1933,RBI,Jimmie Foxx,Philadelphia,163.0
1933,Runs,Lou Gehrig,New York,138.0
1933,Slugging Average,Jimmie Foxx,Philadelphia,0.703
1933,Stolen Bases,Ben Chapman,New York,27.0
1933,Total Bases,Jimmie Foxx,Philadelphia,403.0
1933,Triples,Heinie Manush,Washington,17.0
1934,Base on Balls,Jimmie Foxx,Philadelphia,111.0
1934,Batting Average,Lou Gehrig,New York,0.363
1934,Doubles,Hank Greenberg,Detroit,63.0
1934,Hits,Charlie Gehringer,Detroit,214.0
1934,Home Runs,Lou Gehrig,New York,44.0
1934,On Base Percentage,Lou Gehrig,New York,0.465
1934,RBI,Lou Gehrig,New York,165.0
1934,Runs,Charlie Gehringer,Detroit,134.0
1934,Slugging Average,Lou Gehrig,New York,0.706
1934,Stolen Bases,Billy Werber,Boston,40.0
1934,Total Bases,Lou Gehrig,New York,409.0
1934,Triples,Ben Chapman,New York,13.0
1935,Base on Balls,Lou Gehrig,New York,132.0
1935,Batting Average,Buddy Myer,Washington,0.349
1935,Doubles,Joe Vosmik,Cleveland,47.0
1935,Hits,Joe Vosmik,Cleveland,216.0
1935,Home Runs,Jimmie Foxx,Philadelphia,36.0
1935,Home Runs,Hank Greenberg,Detroit,36.0
1935,On Base Percentage,Lou Gehrig,New York,0.466
1935,RBI,Hank Greenberg,Detroit,170.0
1935,Runs,Lou Gehrig,New York,125.0
1935,Slugging Average,Jimmie Foxx,Philadelphia,0.636
1935,Stolen Bases,Billy Werber,Boston,29.0
1935,Total Bases,Hank Greenberg,Detroit,389.0
1935,Triples,Joe Vosmik,Cleveland,20.0
1936,Base on Balls,Lou Gehrig,New York,130.0
1936,Batting Average,Luke Appling,Chicago,0.388
1936,Doubles,Charlie Gehringer,Detroit,60.0
1936,Hits,Earl Averill,Cleveland,232.0
1936,Home Runs,Lou Gehrig,New York,49.0
1936,On Base Percentage,Lou Gehrig,New York,0.478
1936,RBI,Hal Trosky,Cleveland,162.0
1936,Runs,Lou Gehrig,New York,167.0
1936,Slugging Average,Lou Gehrig,New York,0.696
1936,Stolen Bases,Lyn Lary,St. Louis,37.0
1936,Total Bases,Hal Trosky,Cleveland,405.0
1936,Triples,Earl Averill,Cleveland,18.0
1936,Triples,Joe DiMaggio,New York,18.0
1936,Triples,Red Rolfe,New York,18.0
1937,Base on Balls,Lou Gehrig,New York,127.0
1937,Batting Average,Charlie Gehringer,Detroit,0.371
1937,Doubles,Beau Bell,St. Louis,51.0
1937,Hits,Beau Bell,St. Louis,218.0
1937,Home Runs,Joe DiMaggio,New York,46.0
1937,On Base Percentage,Lou Gehrig,New York,0.473
1937,RBI,Hank Greenberg,Detroit,183.0
1937,Runs,Joe DiMaggio,New York,151.0
1937,Slugging Average,Joe DiMaggio,New York,0.673
1937,Stolen Bases,Ben Chapman,Washington,35.0
1937,Stolen Bases,Ben Chapman,Boston,35.0
1937,Stolen Bases,Billy Werber,Philadelphia,35.0
1937,Total Bases,Joe DiMaggio,New York,418.0
1937,Triples,Mike Kreevich,Chicago,16.0
1937,Triples,Dixie Walker,Chicago,16.0
1938,Base on Balls,Jimmie Foxx,Boston,119.0
1938,Base on Balls,Hank Greenberg,Detroit,119.0
1938,Batting Average,Jimmie Foxx,Boston,0.349
1938,Doubles,Joe Cronin,Boston,51.0
1938,Hits,Joe Vosmik,Boston,201.0
1938,Home Runs,Hank Greenberg,Detroit,58.0
1938,On Base Percentage,Jimmie Foxx,Boston,0.462
1938,RBI,Jimmie Foxx,Boston,175.0
1938,Runs,Hank Greenberg,Detroit,144.0
1938,Slugging Average,Jimmie Foxx,Boston,0.704
1938,Stolen Bases,Frankie Crosetti,New York,27.0
1938,Total Bases,Jimmie Foxx,Boston,398.0
1938,Triples,Jeff Heath,Cleveland,18.0
1939,Base on Balls,Harlond Clift,St. Louis,111.0
1939,Batting Average,Joe DiMaggio,New York,0.381
1939,Doubles,Red Rolfe,New York,46.0
1939,Hits,Red Rolfe,New York,213.0
1939,Home Runs,Jimmie Foxx,Boston,35.0
1939,On Base Percentage,Jimmie Foxx,Boston,0.464
1939,RBI,Ted Williams,Boston,145.0
1939,Runs,Red Rolfe,New York,139.0
1939,Slugging Average,Jimmie Foxx,Boston,0.694
1939,Stolen Bases,George Case,Washington,51.0
1939,Total Bases,Ted Williams,Boston,344.0
1939,Triples,Buddy Lewis,Washington,16.0
1940,Base on Balls,Charlie Keller,New York,106.0
1940,Batting Average,Joe DiMaggio,New York,0.352
1940,Doubles,Hank Greenberg,Detroit,50.0
1940,Hits,Doc Cramer,Boston,200.0
1940,Hits,Barney McCosky,Detroit,200.0
1940,Hits,Rip Radcliff,St. Louis,200.0
1940,Home Runs,Hank Greenberg,Detroit,41.0
1940,On Base Percentage,Ted Williams,Boston,0.442
1940,RBI,Hank Greenberg,Detroit,150.0
1940,Runs,Ted Williams,Boston,134.0
1940,Slugging Average,Hank Greenberg,Detroit,0.67
1940,Stolen Bases,George Case,Washington,35.0
1940,Total Bases,Hank Greenberg,Detroit,384.0
1940,Triples,Barney McCosky,Detroit,19.0
1941,Base on Balls,Ted Williams,Boston,147.0
1941,Batting Average,Ted Williams,Boston,0.406
1941,Doubles,Lou Boudreau,Cleveland,45.0
1941,Hits,Cecil Travis,Washington,218.0
1941,Home Runs,Ted Williams,Boston,37.0
1941,On Base Percentage,Ted Williams,Boston,0.551
1941,RBI,Joe DiMaggio,New York,125.0
1941,Runs,Ted Williams,Boston,135.0
1941,Slugging Average,Ted Williams,Boston,0.735
1941,Stolen Bases,George Case,Washington,33.0
1941,Total Bases,Joe DiMaggio,New York,348.0
1941,Triples,Jeff Heath,Cleveland,20.0
1951,Base on Balls,Ted Williams,Boston,144.0
1951,Batting Average,Ferris Fain,Philadelphia,0.344
1951,Doubles,George Kell,Detroit,36.0
1951,Doubles,Sam Mele,Washington,36.0
1951,Doubles,Eddie Yost,Washington,36.0
1951,Hits,George Kell,Detroit,191.0
1951,Home Runs,Gus Zernial,Chicago,33.0
1951,Home Runs,Gus Zernial,Philadelphia,33.0
1951,On Base Percentage,Ted Williams,Boston,0.464
1951,RBI,Gus Zernial,Chicago,129.0
1951,RBI,Gus Zernial,Philadelphia,129.0
1951,Runs,Dom DiMaggio,Boston,113.0
1951,Slugging Average,Ted Williams,Boston,0.556
1951,Stolen Bases,Minnie Minoso,Cleveland,31.0
1951,Stolen Bases,Minnie Minoso,Chicago,31.0
1951,Total Bases,Ted Williams,Boston,295.0
1951,Triples,Minnie Minoso,Cleveland,14.0
1951,Triples,Minnie Minoso,Chicago,14.0
1953,Base on Balls,Eddie Yost,Washington,123.0
1953,Batting Average,Mickey Vernon,Washington,0.337
1953,Doubles,Mickey Vernon,Washington,43.0
1953,Hits,Harvey Kuenn,Detroit,209.0
1953,Home Runs,Al Rosen,Cleveland,43.0
1953,On Base Percentage,Gene Woodling,New York,0.429
1953,RBI,Al Rosen,Cleveland,145.0
1953,Runs,Al Rosen,Cleveland,115.0
1953,Slugging Average,Al Rosen,Cleveland,0.613
1953,Stolen Bases,Minnie Minoso,Chicago,25.0
1953,Total Bases,Al Rosen,Cleveland,367.0
1953,Triples,Jim Rivera,Chicago,16.0
1954,Base on Balls,Ted Williams,Boston,136.0
1954,Batting Average,Bobby Avila,Cleveland,0.341
1954,Doubles,Mickey Vernon,Washington,33.0
1954,Hits,Nellie Fox,Chicago,201.0
1954,Hits,Harvey Kuenn,Detroit,201.0
1954,Home Runs,Larry Doby,Cleveland,32.0
1954,On Base Percentage,Ted Williams,Boston,0.516
1954,RBI,Larry Doby,Cleveland,126.0
1954,Runs,Mickey Mantle,New York,129.0
1954,Slugging Average,Minnie Minoso,Chicago,0.535
1954,Stolen Bases,Jackie Jensen,Boston,22.0
1954,Total Bases,Minnie Minoso,Chicago,304.0
1954,Triples,Minnie Minoso,Chicago,18.0
1955,Base on Balls,Mickey Mantle,New York,113.0
1955,Batting Average,Al Kaline,Detroit,0.34
1955,Doubles,Harvey Kuenn,Detroit,38.0
1955,Hits,Al Kaline,Detroit,200.0
1955,Home Runs,Mickey Mantle,New York,37.0
1955,On Base Percentage,Mickey Mantle,New York,0.433
1955,RBI,Ray Boone,Detroit,116.0
1955,RBI,Jackie Jensen,Boston,116.0
1955,Runs,Al Smith,Cleveland,123.0
1955,Slugging Average,Mickey Mantle,New York,0.611
1955,Stolen Bases,Jim Rivera,Chicago,25.0
1955,Total Bases,Al Kaline,Detroit,321.0
1955,Triples,Mickey Mantle,New York,11.0
1956,Base on Balls,Eddie Yost,Washington,151.0
1956,Batting Average,Mickey Mantle,New York,0.353
1956,Doubles,Jim Piersall,Boston,40.0
1956,Hits,Harvey Kuenn,Detroit,196.0
1956,Home Runs,Mickey Mantle,New York,52.0
1956,On Base Percentage,Ted Williams,Boston,0.479
1956,RBI,Mickey Mantle,New York,130.0
1956,Runs,Mickey Mantle,New York,132.0
1956,Slugging Average,Mickey Mantle,New York,0.705
1956,Stolen Bases,Luis Aparacio,Chicago,21.0
1956,Total Bases,Mickey Mantle,New York,376.0
1956,Triples,Jackie Jensen,Boston,11.0
1956,Triples,Jim Lemon,Washington,11.0
1956,Triples,Minnie Minoso,Chicago,11.0
1956,Triples,Harry Simpson,Kansas City,11.0
1957,Base on Balls,Mickey Mantle,New York,146.0
1957,Batting Average,Ted Williams,Boston,0.388
1957,Doubles,Billy Gardner,Baltimore,36.0
1957,Doubles,Minnie Minoso,Chicago,36.0
1957,Hits,Nellie Fox,Chicago,196.0
1957,Home Runs,Roy Sievers,Washington,42.0
1957,On Base Percentage,Ted Williams,Boston,0.528
1957,RBI,Roy Sievers,Washington,114.0
1957,Runs,Mickey Mantle,New York,121.0
1957,Slugging Average,Ted Williams,Boston,0.731
1957,Stolen Bases,Luis Aparicio,Chicago,28.0
1957,Total Bases,Roy Sievers,Washington,331.0
1957,Triples,Hank Bauer,New York,9.0
1957,Triples,Gil McDougald,New York,9.0
1957,Triples,Harry Simpson,Kansas City,9.0
1957,Triples,Harry Simpson,New York,9.0
1958,Base on Balls,Mickey Mantle,New York,129.0
1958,Batting Average,Ted Williams,Boston,0.328
1958,Doubles,Harvey Kuenn,Detroit,39.0
1958,Hits,Nellie Fox,Chicago,187.0
1958,Home Runs,Mickey Mantle,New York,42.0
1958,On Base Percentage,Ted Williams,Boston,0.462
1958,RBI,Jackie Jensen,Boston,122.0
1958,Runs,Mickey Mantle,New York,127.0
1958,Slugging Average,Rocky Colavito,Cleveland,0.62
1958,Stolen Bases,Luis Aparacio,Chicago,29.0
1958,Total Bases,Mickey Mantle,New York,307.0
1958,Triples,Vic Power,Kansas City,10.0
1958,Triples,Vic Power,Cleveland,10.0
1959,Base on Balls,Eddie Yost,Detroit,135.0
1959,Batting Average,Harvey Kuenn,Detroit,0.353
1959,Doubles,Harvey Kuenn,Detroit,42.0
1959,Hits,Harvey Kuenn,Detroit,198.0
1959,Home Runs,Rocky Colavito,Cleveland,42.0
1959,Home Runs,Harmon Killebrew,Washington,42.0
1959,On Base Percentage,Eddie Yost,Detroit,0.437
1959,RBI,Jackie Jensen,Boston,112.0
1959,Runs,Eddie Yost,Detroit,115.0
1959,Slugging Average,Al Kaline,Detroit,0.53
1959,Stolen Bases,Luis Aparacio,Chicago,56.0
1959,Total Bases,Rocky Colavito,Cleveland,301.0
1959,Triples,Bob Allison,Washington,9.0
1960,Base on Balls,Eddie Yost,Detroit,125.0
1960,Batting Average,Pete Runnels,Boston,0.32
1960,Doubles,Tito Francona,Cleveland,36.0
1960,Hits,Minnie Minoso,Chicago,184.0
1960,Home Runs,Mickey Mantle,New York,40.0
1960,On Base Percentage,Eddie Yost,Detroit,0.416
1960,RBI,Roger Maris,New York,112.0
1960,Runs,Mickey Mantle,New York,119.0
1960,Slugging Average,Roger Maris,New York,0.581
1960,Stolen Bases,Luis Aparacio,Chicago,51.0
1960,Total Bases,Mickey Mantle,New York,294.0
1960,Triples,Nellie Fox,Chicago,10.0
1961,Base on Balls,Mickey Mantle,New York,126.0
1961,Batting Average,Norm Cash,Detroit,0.361
1961,Doubles,Al Kaline,Detroit,41.0
1961,Hits,Norm Cash,Detroit,193.0
1961,Home Runs,Roger Maris,New York,61.0
1961,On Base Percentage,Norm Cash,Detroit,0.488
1961,RBI,Jim Gentile,Baltimore,141.0
1961,RBI,Roger Maris,New York,141.0
1961,Runs,Roger Maris,New York,132.0
1961,Slugging Average,Mickey Mantle,New York,0.687
1961,Stolen Bases,Luis Aparacio,Chicago,53.0
1961,Total Bases,Roger Maris,New York,366.0
1961,Triples,Jake Wood,Detroit,14.0
1962,Base on Balls,Mickey Mantle,New York,122.0
1962,Batting Average,Pete Runnels,Boston,0.326
1962,Doubles,Floyd Robinson,Chicago,45.0
1962,Hits,Bobby Richardson,New York,209.0
1962,Home Runs,Harmon Killebrew,Minnesota,48.0
1962,On Base Percentage,Mickey Mantle,New York,0.488
1962,RBI,Harmon Killebrew,MInnesota,126.0
1962,Runs,Albie Pearson,Los Angeles,115.0
1962,Slugging Average,Mickey Mantle,New York,0.605
1962,Stolen Bases,Luis Aparicio,Chicago,31.0
1962,Total Bases,Rocky Colavito,Detroit,309.0
1962,Triples,Gino Cimoli,Kansas City,15.0
1963,Base on Balls,Carl Yastrzemski,Boston,95.0
1963,Batting Average,Carl Yastrzemski,Boston,0.321
1963,Doubles,Carl Yastrzemski,Boston,40.0
1963,Hits,Carl Yastrzemski,Boston,183.0
1963,Home Runs,Harmon Killebrew,Minnesota,45.0
1963,On Base Percentage,Carl Yastrzemski,Boston,0.419
1963,RBI,Dick Stuart,Boston,118.0
1963,Runs,Bob Allison,Minnesota,99.0
1963,Slugging Average,Harmon Killebrew,Minnesota,0.555
1963,Stolen Bases,Luis Aparicio,Baltimore,40.0
1963,Total Bases,Dick Stuart,Boston,319.0
1963,Triples,Zoilo Versalles,Minnesota,13.0
1964,Base on Balls,Norm Siebern,Baltimore,106.0
1964,Batting Average,Tony Oliva,Minnesota,0.323
1964,Doubles,Tony Oliva,Minnesota,43.0
1964,Hits,Tony Oliva,Minnesota,217.0
1964,Home Runs,Harmon Killebrew,Minnesota,49.0
1964,On Base Percentage,Mickey Mantle,New York,0.426
1964,RBI,Brooks Robinson,Baltimore,118.0
1964,Runs,Tony Oliva,Minnesota,109.0
1964,Slugging Average,Boog Powell,Baltimore,0.606
1964,Stolen Bases,Luis Aparicio,Baltimore,57.0
1964,Total Bases,Tony Oliva,Minnesota,374.0
1964,Triples,Rich Rollins,Minnesota,10.0
1964,Triples,Zoilo Versalles,Minnesota,10.0
1965,Base on Balls,Rocky Colavito,Cleveland,93.0
1965,Batting Average,Tony Oliva,Minnesota,0.321
1965,Doubles,Zoilo Versalles,Minnesota,45.0
1965,Doubles,Carl Yastrzemski,Boston,45.0
1965,Hits,Tony Oliva,Minnesota,185.0
1965,Home Runs,Tony Conigliaro,Boston,32.0
1965,On Base Percentage,Carl Yastrzemski,Boston,0.398
1965,RBI,Rocky Colavito,Cleveland,108.0
1965,Runs,Zoilo Versalles,Minnesota,126.0
1965,Slugging Average,Carl Yastrzemski,Boston,0.536
1965,Stolen Bases,Bert Campaneris,Kansas City,51.0
1965,Total Bases,Zoilo Versalles,Minnesota,308.0
1965,Triples,Bert Campaneris,Kansas City,12.0
1965,Triples,Zoilo Versalles,Minnesota,12.0
1966,Base on Balls,Harmon Killebrew,Minnesota,103.0
1966,Batting Average,Frank Robinson,Baltimore,0.316
1966,Doubles,Carl Yastrzemski,Boston,39.0
1966,Hits,Tony Oliva,Minnesota,191.0
1966,Home Runs,Frank Robinson,Baltimore,49.0
1966,On Base Percentage,Frank Robinson,Baltimore,0.415
1966,RBI,Frank Robinson,Baltimore,122.0
1966,Runs,Frank Robinson,Baltimore,122.0
1966,Slugging Average,Frank Robinson,Baltimore,0.637
1966,Stolen Bases,Bert Campaneris,Kansas City,52.0
1966,Total Bases,Frank Robinson,Baltimore,367.0
1966,Triples,Bobby Knoop,California,11.0
1967,Base on Balls,Harmon Killebrew,Minnesota,131.0
1967,Batting Average,Carl Yastrzemski,Boston,0.326
1967,Doubles,Tony Oliva,Minnesota,34.0
1967,Hits,Carl Yastrzemski,Boston,189.0
1967,Home Runs,Harmon Killebrew,Minnesota,44.0
1967,Home Runs,Carl Yastrzemski,Boston,44.0
1967,On Base Percentage,Carl Yastrzemski,Boston,0.421
1967,RBI,Carl Yastrzemski,Boston,121.0
1967,Runs,Carl Yastrzemski,Boston,112.0
1967,Slugging Average,Carl Yastrzemski,Boston,0.622
1967,Stolen Bases,Bert Campaneris,Kansas City,55.0
1967,Total Bases,Carl Yastrzemski,Boston,360.0
1967,Triples,Paul Blair,Baltimore,12.0
1968,Base on Balls,Carl Yastrzemski,Boston,119.0
1968,Batting Average,Carl Yastrzemski,Boston,0.301
1968,Doubles,Reggie Smith,Boston,37.0
1968,Hits,Bert Campaneris,Oakland,177.0
1968,Home Runs,Frank Howard,Washington,44.0
1968,On Base Percentage,Carl Yastrzemski,Boston,0.429
1968,RBI,Ken Harrelson,Boston,109.0
1968,Runs,Dick McAuliffe,Detroit,95.0
1968,Slugging Average,Frank Howard,Washington,0.552
1968,Stolen Bases,Bert Campaneris,Oakland,62.0
1968,Total Bases,Frank Howard,Washington,330.0
1968,Triples,Jim Fregosi,California,13.0
1969,Base on Balls,Harmon Killebrew,Minnesota,145.0
1969,Batting Average,Rod Carew,Minnesota,0.332
1969,Doubles,Tony Oliva,Minnesota,39.0
1969,Hits,Tony Oliva,Minnesota,197.0
1969,Home Runs,Harmon Killebrew,Minnesota,49.0
1969,On Base Percentage,Harmon Killebrew,Minnesota,0.43
1969,RBI,Harmon Killebrew,Minnesota,140.0
1969,Runs,Reggie Jackson,Oakland,123.0
1969,Slugging Average,Reggie Jackson,Oakland,0.608
1969,Stolen Bases,Tommy Harper,Seattle,73.0
1969,Total Bases,Frank Howard,Washington,340.0
1969,Triples,Del Unser,Washington,8.0
1970,Base on Balls,Frank Howard,Washington,132.0
1970,Batting Average,Alex Johnson,California,0.329
1970,Doubles,Tony Oliva,Minnesota,36.0
1970,Doubles,Amos Otis,Kansas City,36.0
1970,Doubles,Cesar Tovar,Minnesota,36.0
1970,Hits,Tony Oliva,Minnesota,204.0
1970,Home Runs,Frank Howard,Washington,44.0
1970,On Base Percentage,Carl Yastrzemski,Boston,0.453
1970,RBI,Frank Howard,Washington,126.0
1970,Runs,Carl Yastrzemski,Boston,125.0
1970,Slugging Average,Carl Yastrzemski,Boston,0.592
1970,Stolen Bases,Bert Campaneris,Oakland,42.0
1970,Total Bases,Carl Yastrzemski,Boston,335.0
1970,Triples,Cesar Tovar,Minnesota,13.0
1971,Base on Balls,Harmon Killebrew,Minnesota,114.0
1971,Batting Average,Tony Oliva,Minnesota,0.337
1971,Doubles,Reggie Smith,Boston,33.0
1971,Hits,Cesar Tovar,Minnesota,204.0
1971,Home Runs,Bill Melton,Chicago,33.0
1971,On Base Percentage,Bobby Murcer,New York,0.429
1971,RBI,Harmon Killebrew,Minnesota,119.0
1971,Runs,Don Buford,Baltimore,99.0
1971,Slugging Average,Tony Oliva,Minnesota,0.546
1971,Stolen Bases,Amos Otis,Kansas City,52.0
1971,Total Bases,Reggie Smith,Boston,302.0
1971,Triples,Freddie Patek,Kansas City,11.0
1972,Base on Balls,Dick Allen,Chicago,99.0
1972,Base on Balls,Roy White,New York,99.0
1972,Batting Average,Rod Carew,Minnesota,0.318
1972,Doubles,Lou Piniella,Kansas City,33.0
1972,Hits,Joe Rudi,Oakland,181.0
1972,Home Runs,Dick Allen,Chicago,37.0
1972,On Base Percentage,Dick Allen,Chicago,0.422
1972,RBI,Dick Allen,Chicago,113.0
1972,Runs,Bobby Murcer,New York,102.0
1972,Slugging Average,Dick Allen,Chicago,0.603
1972,Stolen Bases,Bert Campaneris,Oakland,52.0
1972,Total Bases,Bobby Murcer,New York,314.0
1972,Triples,Joe Rudi,Oakland,9.0
1973,Base on Balls,John Mayberry,Kansas City,122.0
1973,Batting Average,Rod Carew,Minnesota,0.35
1973,Doubles,Sal Bando,Oakland,32.0
1973,Doubles,Pedro Garcia,Milwaukee,32.0
1973,Hits,Rod Carew,Minnesota,203.0
1973,Home Runs,Reggie Jackson,Oakland,32.0
1973,On Base Percentage,John Mayberry,Kansas City,0.42
1973,RBI,Reggie Jackson,Oakland,117.0
1973,Runs,Reggie Jackson,Oakland,99.0
1973,Slugging Average,Reggie Jackson,Oakland,0.531
1973,Stolen Bases,Tommy Harper,Boston,54.0
1973,Total Bases,Sal Bando,Oakland,295.0
1973,Total Bases,Dave May,Milwaukee,295.0
1973,Total Bases,George Scott,Milwaukee,295.0
1973,Triples,Al Bumbry,Baltimore,11.0
1973,Triples,Rod Carew,Minnesota,11.0
1974,Base on Balls,Gene Tenace,Oakland,110.0
1974,Batting Average,Rod Carew,Minnesota,0.364
1974,Doubles,Joe Rudi,Oakland,39.0
1974,Hits,Rod Carew,Minnesota,218.0
1974,Home Runs,Dick Allen,Chicago,32.0
1974,On Base Percentage,Rod Carew,Minnesota,0.435
1974,RBI,Jeff Burroughs,Texas,118.0
1974,Runs,Carl Yastrzemski,Boston,93.0
1974,Slugging Average,Dick Allen,Chicago,0.563
1974,Stolen Bases,Billy North,Oakland,54.0
1974,Total Bases,Joe Rudi,Oakland,287.0
1974,Triples,Mickey Rivers,California,11.0
1975,Base on Balls,John Mayberry,Kansas City,119.0
1975,Batting Average,Rod Carew,Minnesota,0.359
1975,Doubles,Fred Lynn,Boston,47.0
1975,Hits,George Brett,Kansas City,195.0
1975,Home Runs,Reggie Jackson,Oakland,36.0
1975,Home Runs,George Scott,Milwaukee,36.0
1975,On Base Percentage,Rod Carew,Minnesota,0.428
1975,RBI,George Scott,Milwaukee,109.0
1975,Runs,Fred Lynn,Boston,103.0
1975,Slugging Average,Fred Lynn,Boston,0.566
1975,Stolen Bases,Mickey Rivers,California,70.0
1975,Total Bases,George Scott,Milwaukee,318.0
1975,Triples,George Brett,Kansas City,13.0
1975,Triples,Mickey Rivers,California,13.0
1976,Base on Balls,Mike Hargrove,Texas,97.0
1976,Batting Average,George Brett,Kansas City,0.333
1976,Doubles,Amos Otis,Kansas City,40.0
1976,Hits,George Brett,Kansas City,215.0
1976,Home Runs,Graig Nettles,New York,32.0
1976,On Base Percentage,Hal McRae,Kansas City,0.412
1976,RBI,Lee May,Baltimore,109.0
1976,Runs,Roy White,New York,104.0
1976,Slugging Average,Reggie Jackson,Baltimore,0.502
1976,Stolen Bases,Billy North,Oakland,75.0
1976,Total Bases,George Brett,Kansas City,298.0
1976,Triples,George Brett,Kansas City,14.0
1977,Base on Balls,Toby Harrah,Texas,109.0
1977,Batting Average,Rod Carew,Minnesota,0.388
1977,Doubles,Hal McRae,Kansas City,54.0
1977,Hits,Rod Carew,Minnesota,239.0
1977,Home Runs,Jim Rice,Boston,39.0
1977,On Base Percentage,Rod Carew,Minnesota,0.452
1977,RBI,Larry Hisle,Minnesota,119.0
1977,Runs,Rod Carew,Minnesota,128.0
1977,Slugging Average,Jim Rice,Boston,0.593
1977,Stolen Bases,Freddie Patek,Kansas City,53.0
1977,Total Bases,Jim Rice,Boston,382.0
1977,Triples,Rod Carew,Minnesota,16.0
1978,Base on Balls,Mike Hargrove,Texas,107.0
1978,Batting Average,Rod Carew,Minnesota,0.333
1978,Doubles,George Brett,Kansas City,45.0
1978,Hits,Jim Rice,Boston,213.0
1978,Home Runs,Jim Rice,Boston,46.0
1978,On Base Percentage,Rod Carew,Minnesota,0.415
1978,RBI,Jim Rice,Boston,139.0
1978,Runs,Ron LeFlore,Detroit,126.0
1978,Slugging Average,Jim Rice,Boston,0.6
1978,Stolen Bases,Ron LeFlore,Detroit,68.0
1978,Total Bases,Jim Rice,Boston,406.0
1978,Triples,Jim Rice,Boston,15.0
1979,Base on Balls,Darrell Porter,Kansas City,121.0
1979,Batting Average,Fred Lynn,Boston,0.333
1979,Doubles,Cecil Cooper,Milwaukee,44.0
1979,Doubles,Chet Lemon,Chicago,44.0
1979,Hits,George Brett,Kansas City,212.0
1979,Home Runs,Gorman Thomas,Milwaukee,45.0
1979,On Base Percentage,Darrell Porter,Kansas City,0.429
1979,RBI,Don Baylor,California,139.0
1979,Runs,Don Baylor,California,120.0
1979,Slugging Average,Fred Lynn,Boston,0.637
1979,Stolen Bases,Willie Wilson,Kansas City,83.0
1979,Total Bases,Jim Rice,Boston,369.0
1979,Triples,George Brett,Kansas City,20.0
1980,Base on Balls,Willie Randolph,New York,119.0
1980,Batting Average,George Brett,Kansas City,0.39
1980,Doubles,Robin Yount,Milwaukee,49.0
1980,Hits,Willie Wilson,Kansas City,230.0
1980,Home Runs,Ben Oglivie,Milwaukee,41.0
1980,Home Runs,Reggie Jackson,New York,41.0
1980,On Base Percentage,George Brett,Kansas City,0.461
1980,RBI,Cecil Cooper,Milwaukee,122.0
1980,Runs,Willie Wilson,Kansas City,133.0
1980,Slugging Average,George Brett,Kansas City,0.664
1980,Stolen Bases,Rickey Henderson,Oakland,100.0
1980,Total Bases,Cecil Cooper,Milwaukee,335.0
1980,Triples,Alfredo Griffin,Toronto,15.0
1980,Triples,Willie Wilson,Kansas City,15.0
1981,Base on Balls,Dwight Evans,Boston,85.0
1981,Batting Average,Carney Lansford,Boston,0.336
1981,Doubles,Cecil Cooper,Milwaukee,35.0
1981,Hits,Rickey Henderson,Oakland,135.0
1981,Home Runs,Tony Armas,Oakland,22.0
1981,Home Runs,Dwight Evans,Boston,22.0
1981,Home Runs,Bobby Grich,California,22.0
1981,Home Runs,Eddie Murray,Baltimore,22.0
1981,On Base Percentage,Mike Hargrove,Cleveland,0.432
1981,RBI,Eddie Murray,Baltimore,78.0
1981,Runs,Rickey Henderson,Oakland,89.0
1981,Slugging Average,Bobby Grich,California,0.543
1981,Stolen Bases,Rickey Henderson,Oakland,56.0
1981,Total Bases,Dwight Evans,Boston,215.0
1981,Triples,John Castino,Minnesota,9.0
1982,Base on Balls,Rickey Henderson,Oakland,116.0
1982,Batting Average,Willie Wilson,Kansas City,0.332
1982,Doubles,Hal McRae,Kansas City,46.0
1982,Doubles,Robin Yount,Milwaukee,46.0
1982,Hits,Robin Yount,Milwaukee,210.0
1982,Home Runs,Reggie Jackson,California,39.0
1982,Home Runs,Gorman Thomas,Milwaukee,39.0
1982,On Base Percentage,Dwight Evans,Boston,0.403
1982,RBI,Hal McRae,Kansas City,133.0
1982,Runs,Paul Molitor,Milwaukee,136.0
1982,Slugging Average,Robin Yount,Milwaukee,0.578
1982,Stolen Bases,Rickey Henderson,Oakland,130.0
1982,Total Bases,Robin Yount,Milwaukee,367.0
1982,Triples,Willie Wilson,Kansas City,15.0
1983,Base on Balls,Rickey Henderson,Oakland,103.0
1983,Batting Average,Wade Boggs,Boston,0.361
1983,Doubles,"Cal Ripken, Jr.",Baltimore,47.0
1983,Hits,"Cal Ripken, Jr.",Baltimore,211.0
1983,Home Runs,Jim Rice,Boston,39.0
1983,On Base Percentage,Wade Boggs,Boston,0.449
1983,RBI,Cecil Cooper,Milwaukee,126.0
1983,RBI,Jim Rice,Boston,126.0
1983,Runs,"Cal Ripken, Jr.",Baltimore,121.0
1983,Slugging Average,George Brett,Kansas City,0.563
1983,Stolen Bases,Rickey Henderson,Oakland,108.0
1983,Total Bases,Jim Rice,Boston,344.0
1983,Triples,Robin Yount,Milwaukee,10.0
1984,Base on Balls,Eddie Murray,Baltimore,107.0
1984,Batting Average,Don Mattingly,New York,0.343
1984,Doubles,Don Mattingly,New York,44.0
1984,Hits,Don Mattingly,New York,207.0
1984,Home Runs,Tony Armas,Boston,43.0
1984,On Base Percentage,Eddie Murray,Baltimore,0.415
1984,RBI,Tony Armas,Boston,123.0
1984,Runs,Dwight Evans,Boston,121.0
1984,Slugging Average,Harold Baines,Chicago,0.541
1984,Stolen Bases,Rickey Henderson,Oakland,66.0
1984,Total Bases,Tony Armas,Boston,339.0
1984,Triples,Dave Collins,Toronto,15.0
1984,Triples,Lloyd Moseby,Toronto,15.0
1985,Base on Balls,Dwight Evans,Boston,114.0
1985,Batting Average,Wade Boggs,Boston,0.368
1985,Doubles,Don Mattingly,New York,48.0
1985,Hits,Wade Boggs,Boston,240.0
1985,Home Runs,Darrell Evans,Detroit,40.0
1985,On Base Percentage,Wade Boggs,Boston,0.452
1985,RBI,Don Mattingly,New York,145.0
1985,Runs,Rickey Henderson,New York,146.0
1985,Slugging Average,George Brett,Kansas City,0.585
1985,Stolen Bases,Rickey Henderson,New York,80.0
1985,Total Bases,Don Mattingly,New York,370.0
1985,Triples,Willie Wilson,Kansas City,21.0
1986,Base on Balls,Wade Boggs,Boston,106.0
1986,Batting Average,Wade Boggs,Boston,0.357
1986,Doubles,Don Mattingly,New York,53.0
1986,Hits,Don Mattingly,New York,238.0
1986,Home Runs,Jesse Barfield,Toronto,40.0
1986,On Base Percentage,Wade Boggs,Boston,0.455
1986,RBI,Joe Carter,Cleveland,121.0
1986,Runs,Rickey Henderson,New York,130.0
1986,Slugging Average,Don Mattingly,New York,0.573
1986,Stolen Bases,Rickey Henderson,New York,87.0
1986,Total Bases,Don Mattingly,New York,388.0
1986,Triples,Brett Butler,Cleveland,14.0
1987,Base on Balls,Dwight Evans,Boston,106.0
1987,Batting Average,Wade Boggs,Boston,0.363
1987,Doubles,Paul Molitor,Milwaukee,41.0
1987,Hits,Kirby Puckett,Minnesota,207.0
1987,Hits,Kevin Seitzer,Kansas City,207.0
1987,Home Runs,Mark McGwire,Oakland,49.0
1987,On Base Percentage,Wade Boggs,Boston,0.467
1987,RBI,George Bell,Toronto,134.0
1987,Runs,Paul Molitor,Milwaukee,114.0
1987,Slugging Average,Mark McGwire,Oakland,0.618
1987,Stolen Bases,Harold Reynolds,Seattle,67.0
1987,Total Bases,George Bell,Toronto,369.0
1987,Triples,Willie Wilson,Kansas City,15.0
1988,Base on Balls,Wade Boggs,Boston,125.0
1988,Batting Average,Wade Boggs,Boston,0.366
1988,Doubles,Wade Boggs,Boston,45.0
1988,Hits,Kirby Puckett,Minnesota,234.0
1988,Home Runs,Jose Canseco,Oakland,42.0
1988,On Base Percentage,Wade Boggs,Boston,0.48
1988,RBI,Jose Canseco,Oakland,124.0
1988,Runs,Wade Boggs,Boston,128.0
1988,Slugging Average,Jose Canseco,Oakland,0.569
1988,Stolen Bases,Rickey Henderson,New York,93.0
1988,Total Bases,Kirby Puckett,Minnesota,358.0
1988,Triples,Harold Reynolds,Seattle,11.0
1988,Triples,Willie Wilson,Kansas City,11.0
1988,Triples,Robin Yount,Milwaukee,11.0
1989,Base on Balls,Rickey Henderson,New York,126.0
1989,Base on Balls,Rickey Henderson,Oakland,126.0
1989,Batting Average,Kirby Puckett,Minnesota,0.339
1989,Doubles,Wade Boggs,Boston,51.0
1989,Hits,Kirby Puckett,Minnesota,215.0
1989,Home Runs,Fred McGriff,Toronto,36.0
1989,On Base Percentage,Wade Boggs,Boston,0.434
1989,RBI,Ruben Sierra,Texas,119.0
1989,Runs,Wade Boggs,Boston,113.0
1989,Runs,Rickey Henderson,New York,113.0
1989,Runs,Rickey Henderson,Oakland,113.0
1989,Slugging Average,Ruben Sierra,Texas,0.543
1989,Stolen Bases,Rickey Henderson,New York,77.0
1989,Stolen Bases,Rickey Henderson,Oakland,77.0
1989,Total Bases,Ruben Sierra,Texas,344.0
1989,Triples,Ruben Sierra,Texas,14.0
1990,Base on Balls,Mark McGwire,Oakland,110.0
1990,Batting Average,George Brett,Kansas City,0.329
1990,Doubles,George Brett,Kansas City,45.0
1990,Doubles,Jody Reed,Boston,45.0
1990,Hits,Rafael Palmeiro,Texas,191.0
1990,Home Runs,Cecil Fielder,Detroit,51.0
1990,On Base Percentage,Rickey Henderson,Oakland,0.441
1990,RBI,Cecil Fielder,Detroit,132.0
1990,Runs,Rickey Henderson,Oakland,119.0
1990,Slugging Average,Cecil Fielder,Detroit,0.592
1990,Stolen Bases,Rickey Henderson,Oakland,65.0
1990,Total Bases,Cecil Fielder,Detroit,339.0
1990,Triples,Tony Fernandez,Toronto,17.0
1991,Base on Balls,Frank Thomas,Chicago,138.0
1991,Batting Average,Julio Franco,Texas,0.341
1991,Doubles,Rafael Palmeiro,Texas,49.0
1991,Hits,Paul Molitor,Milwaukee,216.0
1991,Home Runs,Jose Canseco,Oakland,44.0
1991,Home Runs,Cecil Fielder,Detroit,44.0
1991,On Base Percentage,Frank Thomas,Chicago,0.454
1991,RBI,Cecil Fielder,Detroit,133.0
1991,Runs,Paul Molitor,Milwaukee,133.0
1991,Slugging Average,Danny Tartabull,Kansas City,0.593
1991,Stolen Bases,Rickey Henderson,Oakland,58.0
1991,Total Bases,"Cal Ripken, Jr.",Baltimore,368.0
1991,Triples,Lance Johnson,Chicago,12.0
1992,Base on Balls,Mickey Tettleton,Detroit,122.0
1992,Base on Balls,Frank Thomas,Chicago,122.0
1992,Batting Average,Edgar Martinez,Seattle,0.343
1992,Doubles,Edgar Martinez,Seattle,46.0
1992,Doubles,Frank Thomas,Chicago,46.0
1992,Hits,Kirby Puckett,Minnesota,210.0
1992,Home Runs,Juan Gonzalez,Texas,43.0
1992,On Base Percentage,Frank Thomas,Chicago,0.446
1992,RBI,Cecil Fielder,Detroit,124.0
1992,Runs,Tony Phillips,Detroit,114.0
1992,Slugging Average,Mark McGwire,Oakland,0.585
1992,Stolen Bases,Kenny Lofton,Cleveland,66.0
1992,Total Bases,Kirby Puckett,Minnesota,313.0
1992,Triples,Lance Johnson,Chicago,12.0
1993,Base on Balls,Tony Phillips,Detroit,132.0
1993,Batting Average,John Olerud,Toronto,0.363
1993,Doubles,John Olerud,Toronto,54.0
1993,Hits,Paul Molitor,Toronto,211.0
1993,Home Runs,Juan Gonzalez,Texas,46.0
1993,On Base Percentage,John Olerud,Toronto,0.478
1993,RBI,Albert Belle,Cleveland,129.0
1993,Runs,Rafael Palmeiro,Texas,124.0
1993,Slugging Average,Juan Gonzalez,Texas,0.632
1993,Stolen Bases,Kenny Lofton,Cleveland,70.0
1993,Total Bases,"Ken Griffey, Jr.",Seattle,359.0
1993,Triples,Lance Johnson,Chicago,14.0
1994,Base on Balls,Frank Thomas,Chicago,109.0
1994,Batting Average,Paul O'Neill,New York,0.359
1994,Doubles,Chuck Knoblauch,Minnesota,45.0
1994,Hits,Kenny Lofton,Cleveland,160.0
1994,Home Runs,"Ken Griffey, Jr.",Seattle,40.0
1994,On Base Percentage,Frank Thomas,Chicago,0.494
1994,RBI,Kirby Puckett,Minnesota,112.0
1994,Runs,Frank Thomas,Chicago,106.0
1994,Slugging Average,Frank Thomas,Chicago,0.729
1994,Stolen Bases,Kenny Lofton,Cleveland,60.0
1994,Total Bases,Albert Belle,Cleveland,294.0
1994,Triples,Lance Johnson,Chicago,14.0
1995,Base on Balls,Frank Thomas,Chicago,136.0
1995,Batting Average,Edgar Martinez,Seattle,0.356
1995,Doubles,Albert Belle,Cleveland,52.0
1995,Doubles,Edgar Martinez,Seattle,52.0
1995,Hits,Lance Johnson,Chicago,186.0
1995,Home Runs,Albert Belle,Cleveland,50.0
1995,On Base Percentage,Edgar Martinez,Seattle,0.482
1995,RBI,Albert Belle,Cleveland,126.0
1995,RBI,Mo Vaughn,Boston,126.0
1995,Runs,Albert Belle,Cleveland,121.0
1995,Runs,Edgar Martinez,Seattle,121.0
1995,Slugging Average,Albert Belle,Cleveland,0.69
1995,Stolen Bases,Kenny Lofton,Cleveland,54.0
1995,Total Bases,Albert Belle,Cleveland,377.0
1995,Triples,Kenny Lofton,Cleveland,13.0
1996,Base on Balls,Tony Phillips,Chicago,125.0
1996,Batting Average,Alex Rodriguez,Seattle,0.358
1996,Doubles,Alex Rodriguez,Seattle,54.0
1996,Hits,Paul Molitor,Minnesota,225.0
1996,Home Runs,Mark McGwire,Oakland,52.0
1996,On Base Percentage,Mark McGwire,Oakland,0.468
1996,RBI,Albert Belle,Cleveland,148.0
1996,Runs,Alex Rodriguez,Seattle,141.0
1996,Slugging Average,Mark McGwire,Oakland,0.73
1996,Stolen Bases,Kenny Lofton,Cleveland,75.0
1996,Total Bases,Alex Rodriguez,Seattle,379.0
1996,Triples,Chuck Knoblauch,Minnesota,14.0
1997,Base on Balls,Jim Thome,Cleveland,120.0
1997,Batting Average,Frank Thomas,Chicago,0.347
1997,Doubles,John Valentin,Boston,47.0
1997,Hits,Nomar Garciaparra,Boston,209.0
1997,Home Runs,"Ken Griffey, Jr.",Seattle,56.0
1997,On Base Percentage,Frank Thomas,Chicago,0.461
1997,RBI,"Ken Griffey, Jr.",Seattle,147.0
1997,Runs,"Ken Griffey, Jr.",Seattle,125.0
1997,Slugging Average,"Ken Griffey, Jr.",Seattle,0.646
1997,Stolen Bases,Brian Hunter,Detroit,74.0
1997,Total Bases,"Ken Griffey, Jr.",Seattle,393.0
1997,Triples,Nomar Garciaparra,Boston,11.0
1998,Base on Balls,Rickey Henderson,Oakland,118.0
1998,Batting Average,Bernie Williams,New York,0.339
1998,Doubles,Juan Gonzalez,Texas,50.0
1998,Hits,Alex Rodriguez,Seattle,213.0
1998,Home Runs,"Ken Griffey, Jr.",Seattle,56.0
1998,On Base Percentage,Edgar Martinez,Seattle,0.433
1998,RBI,Juan Gonzalez,Texas,157.0
1998,Runs,Derek Jeter,New York,127.0
1998,Slugging Average,Albert Belle,Chicago,0.655
1998,Stolen Bases,Rickey Henderson,Oakland,66.0
1998,Total Bases,Albert Belle,Chicago,399.0
1998,Triples,Jose Offerman,Kansas City,13.0
1999,Base on Balls,Jim Thome,Cleveland,127.0
1999,Batting Average,Nomar Garciaparra,Boston,0.357
1999,Doubles,Shawn Green,Toronto,45.0
1999,Hits,Derek Jeter,New York,219.0
1999,Home Runs,"Ken Griffey, Jr.",Seattle,48.0
1999,On Base Percentage,Edgar Martinez,Seattle,0.447
1999,RBI,Manny Ramirez,Cleveland,165.0
1999,Runs,Roberto Alomar,Cleveland,138.0
1999,Slugging Average,Manny Ramirez,Cleveland,0.663
1999,Stolen Bases,Brian Hunter,Seattle,44.0
1999,Total Bases,Shawn Green,Toronto,361.0
1999,Triples,Jose Offerman,Boston,11.0
2000,Base on Balls,Jason Giambi,Oakland,137.0
2000,Batting Average,Nomar Garciaparra,Boston,0.372
2000,Doubles,Carlos Delgado,Toronto,57.0
2000,Hits,Darin Erstad,Anaheim,240.0
2000,Home Runs,Troy Glaus,Anaheim,47.0
2000,On Base Percentage,Jason Giambi,Oakland,0.476
2000,RBI,Edgar Martinez,Seattle,145.0
2000,Runs,Johnny Damon,Kansas City,136.0
2000,Slugging Average,Manny Ramirez,Cleveland,0.697
2000,Stolen Bases,Johnny Damon,Kansas City,46.0
2000,Total Bases,Carlos Delgado,Toronto,378.0
2000,Triples,Cristian Guzman,Minnesota,20.0
2001,Base on Balls,Jason Giambi,Oakland,129.0
2001,Batting Average,Ichiro Suzuki,Seattle,0.35
2001,Doubles,Jason Giambi,Oakland,47.0
2001,Hits,Ichiro Suzuki,Seattle,242.0
2001,Home Runs,Alex Rodriguez,Texas,52.0
2001,On Base Percentage,Jason Giambi,Oakland,0.477
2001,RBI,Bret Boone,Seattle,141.0
2001,Runs,Alex Rodriguez,Texas,133.0
2001,Slugging Average,Jason Giambi,Oakland,0.66
2001,Stolen Bases,Ichiro Suzuki,Seattle,56.0
2001,Total Bases,Alex Rodriguez,Texas,393.0
2001,Triples,Cristian Guzman,Minnesota,14.0
2002,Base on Balls,Jim Thome,Cleveland,122.0
2002,Batting Average,Manny Ramirez,Boston,0.349
2002,Doubles,Garret Anderson,Anaheim,56.0
2002,Doubles,Nomar Garciaparra,Boston,56.0
2002,Hits,Alfonso Soriano,New York,209.0
2002,Home Runs,Alex Rodriguez,Texas,57.0
2002,On Base Percentage,Manny Ramirez,Boston,0.45
2002,RBI,Alex Rodriguez,Texas,142.0
2002,Runs,Alfonso Soriano,New York,128.0
2002,Slugging Average,Jim Thome,Cleveland,0.677
2002,Stolen Bases,Alfonso Soriano,New York,41.0
2002,Total Bases,Alex Rodriguez,Texas,389.0
2002,Triples,Johnny Damon,Boston,11.0
2003,Base on Balls,Jason Giambi,New York,129.0
2003,Batting Average,Bill Mueller,Boston,0.326
2003,Doubles,Garret Anderson,Anaheim,49.0
2003,Doubles,Vernon Wells,Toronto,49.0
2003,Hits,Vernon Wells,Toronto,215.0
2003,Home Runs,Alex Rodriguez,Texas,47.0
2003,On Base Percentage,Manny Ramirez,Boston,0.427
2003,RBI,Carlos Delgado,Toronto,145.0
2003,Runs,Alex Rodriguez,Texas,124.0
2003,Slugging Average,Alex Rodriguez,Texas,0.6
2003,Stolen Bases,Carl Crawford,Tampa Bay,55.0
2003,Total Bases,Vernon Wells,Toronto,373.0
2003,Triples,Cristian Guzman,Minnesota,14.0
2004,Base on Balls,Eric Chavez,Oakland,95.0
2004,Batting Average,Ichiro Suzuki,Seattle,0.372
2004,Doubles,Brian Roberts,Baltimore,50.0
2004,Hits,Ichiro Suzuki,Seattle,262.0
2004,Home Runs,Manny Ramirez,Boston,43.0
2004,On Base Percentage,Melvin Mora,Baltimore,0.419
2004,RBI,Miguel Tejada,Baltimore,150.0
2004,Runs,Vladimir Guerrero,Anaheim,124.0
2004,Slugging Average,Manny Ramirez,Boston,0.613
2004,Stolen Bases,Carl Crawford,Tampa Bay,59.0
2004,Total Bases,Vladimir Guerrero,Anaheim,366.0
2004,Triples,Carl Crawford,Tampa Bay,19.0
2005,Base on Balls,Jason Giambi,New York,108.0
2005,Batting Average,Michael Young,Texas,0.331
2005,Doubles,Miguel Tejada,Baltimore,50.0
2005,Hits,Michael Young,Texas,221.0
2005,Home Runs,Alex Rodriguez,New York,48.0
2005,On Base Percentage,Jason Giambi,New York,0.44
2005,RBI,David Ortiz,Boston,148.0
2005,Runs,Alex Rodriguez,New York,124.0
2005,Slugging Average,Alex Rodriguez,New York,0.61
2005,Stolen Bases,Chone Figgins,Los Angeles,62.0
2005,Total Bases,Mark Teixeira,Texas,370.0
2005,Triples,Carl Crawford,Tampa Bay,15.0
2006,Base on Balls,David Ortiz,Boston,119.0
2006,Batting Average,Joe Mauer,Minnesota,0.347
2006,Doubles,Grady Sizemore,Cleveland,53.0
2006,Hits,Ichiro Suzuki,Seattle,224.0
2006,Home Runs,David Ortiz,Boston,54.0
2006,On Base Percentage,Manny Ramirez,Boston,0.439
2006,RBI,David Ortiz,Boston,137.0
2006,Runs,Grady Sizemore,Cleveland,134.0
2006,Slugging Average,Travis Hafner,Cleveland,0.659
2006,Stolen Bases,Carl Crawford,Tampa Bay,58.0
2006,Total Bases,David Ortiz,Boston,355.0
2006,Triples,Carl Crawford,Tampa Bay,16.0
2007,Base on Balls,David Ortiz,Boston,111.0
2007,Batting Average,Magglio Ordonez,Detroit,0.363
2007,Doubles,Magglio Ordonez,Detroit,54.0
2007,Hits,Ichiro Suzuki,Seattle,238.0
2007,Home Runs,Alex Rodriguez,New York,54.0
2007,On Base Percentage,David Ortiz,Boston,0.445
2007,RBI,Alex Rodriguez,New York,156.0
2007,Runs,Alex Rodriguez,New York,143.0
2007,Slugging Average,Alex Rodriguez,New York,0.645
2007,Stolen Bases,Carl Crawford,Tampa Bay,50.0
2007,Stolen Bases,Brian Roberts,Baltimore,50.0
2007,Total Bases,Alex Rodriguez,New York,376.0
2007,Triples,Curtis Granderson,Detroit,23.0
2008,Base on Balls,Jack Cust,Oakland,111.0
2008,Batting Average,Joe Mauer,Minnesota,0.33
2008,Doubles,Dustin Pedroia,Boston,54.0
2008,Hits,Dustin Pedroia,Boston,213.0
2008,Hits,Ichiro Suzuki,Seattle,213.0
2008,Home Runs,Miguel Cabrera,Detroit,37.0
2008,On Base Percentage,Milton Bradley,Texas,0.436
2008,RBI,Josh Hamilton,Texas,130.0
2008,Runs,Dustin Pedroia,Boston,118.0
2008,Slugging Average,Alex Rodriguez,New York,0.573
2008,Stolen Bases,Jacoby Ellsbury,Boston,50.0
2008,Total Bases,Josh Hamilton,Texas,331.0
2008,Triples,Curtis Granderson,Detroit,13.0
2008,Complete Games,Roy Halladay,Toronto,9.0
2008,ERA,Cliff Lee,Cleveland,2.54
2008,Games,Matt Guerrier,Minnesota,76.0
2008,Games,Francisco Rodriguez,Los Angeles,76.0
2008,Saves,Francisco Rodriguez,Los Angeles,62.0
2008,Shutouts,Matt Garza,Tampa Bay,2.0
2008,Shutouts,Roy Halladay,Toronto,2.0
2008,Shutouts,Cliff Lee,Cleveland,2.0
2008,Shutouts,Jon Lester,Boston,2.0
2008,Shutouts,Jesse Litsch,Toronto,2.0
2008,Shutouts,C.C. Sabathia,Cleveland,2.0
2008,Shutouts,James Shields,Tampa Bay,2.0
2008,Shutouts,Kevin Slowey,Minnesota,2.0
2008,Strikeouts,A.J. Burnett,Toronto,231.0
2008,Winning Percentage,Cliff Lee,Cleveland,0.88
2008,Wins,Cliff Lee,Cleveland,22.0
2009,Base on Balls,Chone Figgins,Los Angeles,101.0
2009,Batting Average,Joe Mauer,Minnesota,0.365
2009,Doubles,Brian Roberts,Baltimore,56.0
2009,Hits,Ichiro Suzuki,Seattle,225.0
2009,Home Runs,Carlos Pena,Tampa Bay,39.0
2009,Home Runs,Mark Teixeira,New York,39.0
2009,On Base Percentage,Joe Mauer,Minnesota,0.444
2009,RBI,Mark Teixeira,New York,122.0
2009,Runs,DustinPedroia,Boston,115.0
2009,Slugging Average,Joe Mauer,Minnesota,0.587
2009,Stolen Bases,Jacoby Ellsbury,Boston,70.0
2009,Total Bases,Mark Teixeira,New York,344.0
2009,Triples,Jacoby Ellsbury,Boston,10.0
2009,Triples,Denard Span,Minnesota,10.0
2010,Base on Balls,Daric Barton,Oakland,110.0
2010,Batting Average,Josh Hamilton,Texas,0.359
2010,Doubles,Adrian Beltre,Boston,49.0
2010,Hits,Ichiro Suzuki,Seattle,214.0
2010,Home Runs,Jose Bautista,Toronto,54.0
2010,On Base Percentage,Miguel Cabrera,Detroit,0.42
2010,RBI,Miguel Cabrera,Detroit,126.0
2010,Runs,Mark Teixeira,New York,113.0
2010,Slugging Average,Josh Hamilton,Texas,0.633
2010,Stolen Bases,Juan Pierre,Chicago,68.0
2010,Total Bases,Jose Bautista,Toronto,351.0
2010,Triples,Carl Crawford,Tampa Bay,13.0
2011,Base on Balls,Jose Bautista,Toronto,132.0
2011,Batting Average,Miguel Cabrera,Detroit,0.344
2011,Doubles,Miguel Cabrera,Detroit,48.0
2011,Hits,Adrian Gonzalez,Boston,213.0
2011,Hits,Michael Young,Texas,213.0
2011,Home Runs,Jose Bautista,Toronto,43.0
2011,On Base Percentage,Miguel Cabrera,Detroit,0.448
2011,RBI,Curtis Granderson,New York,119.0
2011,Runs,Curtis Granderson,New York,136.0
2011,Slugging Average,Jose Bautista,Toronto,0.608
2011,Stolen Bases,Coco Crisp,Oakland,49.0
2011,Stolen Bases,Brett Gardner,New York,49.0
2011,Total Bases,Jacoby Ellsbury,Boston,364.0
2011,Triples,Peter Bourjos,Los Angeles,11.0
2011,Triples,Austin Jackson,Detroit,11.0
2012,Base on Balls,Adam Dunn,Chicago,105.0
2012,Batting Average,Miguel Cabrera,Detroit,0.33
2012,Doubles,Alex Gordon,Kansas City,51.0
2012,Hits,Derek Jeter,New York,216.0
2012,Home Runs,Miguel Cabrera,Detroit,44.0
2012,On Base Percentage,Joe Mauer,Minnesota,0.416
2012,RBI,Miguel Cabrera,Detroit,139.0
2012,Runs,Mike Trout,Los Angeles,129.0
2012,Slugging Average,Miguel Cabrera,Detroit,0.606
2012,Stolen Bases,Mike Trout,Los Angeles,49.0
2012,Total Bases,Miguel Cabrera,Detroit,377.0
2012,Triples,Austin Jackson,Detroit,10.0
2013,Base on Balls,Mike Trout,Los Angeles,110.0
2013,Batting Average,Miguel Cabrera,Detroit,0.348
2013,Doubles,Manny Machado,Baltimore,51.0
2013,Hits,Adrian Beltre,Texas,199.0
2013,Home Runs,Chris Davis,Baltimore,53.0
2013,On Base Percentage,Miguel Cabrera,Detroit,0.442
2013,RBI,Chris Davis,Baltimore,138.0
2013,Runs,Mike Trout,Los Angeles,109.0
2013,Slugging Average,Miguel Cabrera,Detroit,0.636
2013,Stolen Bases,Jacoby Ellsbury,Boston,52.0
2013,Total Bases,Chris Davis,Baltimore,370.0
2013,Triples,Brett Gardner,New York,10.0
2014,Base on Balls,Carlos Santana,Cleveland,113.0
2014,Batting Average,Jose Altuve,Houston,0.341
2014,Doubles,Miguel Cabrera,Detroit,52.0
2014,Hits,Jose Altuve,Houston,225.0
2014,Home Runs,Nelson Cruz,Baltimore,40.0
2014,On Base Percentage,Victor Martinez,Detroit,0.409
2014,RBI,Mike Trout,Los Angeles,111.0
2014,Runs,Mike Trout,Los Angeles,115.0
2014,Slugging Average,Jose Abreu,Chicago,0.581
2014,Stolen Bases,Jose Altuve,Chicago,56.0
2014,Total Bases,Mike Trout,Los Angeles,338.0
2014,Triples,Michael Bourn,Cleveland,10.0
2014,Triples,Adam Eaton,Chicago,10.0
2015,Base on Balls,Jose Bautista,Toronto,110.0
2015,Batting Average,Miguel Cabrera,Detroit,0.338
2015,Doubles,Michael Brantley,Cleveland,45.0
2015,Hits,Jose Altuve,Houston,200.0
2015,Home Runs,Chris Davis,Baltimore,47.0
2015,On Base Percentage,Miguel Cabrera,Detroit,0.44
2015,RBI,Josh Donaldson,Toronto,123.0
2015,Runs,Josh Donaldson,Toronto,122.0
2015,Slugging Average,Mike Trout,Los Angeles,0.59
2015,Stolen Bases,Jose Altuve,Houston,38.0
2015,Total Bases,Josh Donaldson,Toronto,352.0
2015,Triples,Eddie Rosario,Minnesota,15.0
2016,Base on Balls,Mike Trout,Los Angeles,116.0
2016,Batting Average,Jose Altuve,Houston,0.338
2016,Doubles,David Ortiz,Boston,48.0
2016,Hits,Jose Altuve,Houston,216.0
2016,Home Runs,Mark Trumbo,Baltimore,47.0
2016,On Base Percentage,Mike Trout,Los Angeles,0.441
2016,RBI,Edwin Encarnacion,Toronto,127.0
2016,RBI,David Ortiz,Boston,127.0
2016,Runs,Mike Trout,Los Angeles,123.0
2016,Slugging Average,David Ortiz,Boston,0.62
2016,Stolen Bases,Rajai Davis,Cleveland,43.0
2016,Total Bases,Mookie Betts,Boston,359.0
2016,Triples,Adam Eaton,Chicago,9.0
2017,Base on Balls,Aaron Judge,New York Yankees,127.0
2017,Batting Average,Jose Altuve,Houston Astros,0.346
2017,Doubles,Jose Ramirez,Cleveland Indians,56.0
2017,Hits,Jose Altuve,Houston Astros,204.0
2017,Home Runs,Aaron Judge,New York Yankees,52.0
2017,On Base Percentage,Mike Trout,Los Angeles Angels,0.442
2017,RBI,Nelson Cruz,Seattle Mariners,119.0
2017,Runs,Aaron Judge,New York Yankees,128.0
2017,Slugging Average,Mike Trout,Los Angeles Angels,0.629
2017,Stolen Bases,Whit Merrifield,Kansas City Royals,34.0
2017,Total Bases,Jose Abreu,Chicago White Sox,343.0
2017,Triples,Nick Castellanos,Detroit Tigers,10.0
2018,Base on Balls,Mike Trout,Los Angeles Angels,122.0
2018,Batting Average,Mookie Betts,Boston Red Sox,0.346
2018,Doubles,Alex Bregman,Houston Astros,50.0
2018,Hits,Whit Merrifield,Kansas City Royals,192.0
2018,Home Runs,Khris Davis,Oakland Athletics,48.0
2018,On Base Percentage,Mike Trout,Los Angeles Angels,0.46
2018,RBI,J.D. Martinez,Boston Red Sox,130.0
2018,Runs,Mookie Betts,Boston Red Sox,129.0
2018,Slugging Average,Mookie Betts,Boston Red Sox,0.64
2018,Stolen Bases,Whit Merrifield,Kansas City Royals,45.0
2018,Total Bases,J.D. Martinez,Boston Red Sox,358.0
2018,Triples,Yolmer Sanchez,Chicago White Sox,10.0
2018,Triples,Mallex Smith,Tampa Bay Rays,10.0
2019,Base on Balls,Alex Bregman,Houston Astros,119.0
2019,Batting Average,Tim Anderson,Chicago White Sox,0.335
2019,Doubles,Rafael Devers,Boston Red Sox,54.0
2019,Hits,Whit Merrifield,Kansas City Royals,206.0
2019,Home Runs,Jorge Soler,Kansas City Royals,48.0
2019,On Base Percentage,Mike Trout,Los Angeles Angels,0.438
2019,RBI,Jose Abreu,Chicago White Sox,123.0
2019,Runs,Mookie Betts,Boston Red Sox,135.0
2019,Slugging Average,Mike Trout,Los Angeles Angels,0.645
2019,Stolen Bases,Mallex Smith,Tampa Bay Rays,46.0
2019,Total Bases,Rafael Devers,Boston Red Sox,359.0
2019,Triples,Hunter Dozier,Kansas City Royals,10.0
2019,Triples,Whit Merrifield,Kansas City Royals,10.0
2019,Triples,Adalberto Mondesi,Kansas City Royals,10.0
2020,Base on Balls,Carlos Santana,Cleveland Indians,47.0
2020,Batting Average,DJ LeMahieu,New York Yankees,0.364
2020,Doubles,Cesar Hernandez,Cleveland Indians,20.0
2020,Hits,Jose Abreu,Chicago White Sox,76.0
2020,Home Runs,Luke Voit,New York Yankees,22.0
2020,On Base Percentage,DJ LeMahieu,New York Yankees,0.421
2020,RBI,Jose Abreu,Chicago White Sox,60.0
2020,Runs,Tim Anderson,Chicago White Sox,45.0
2020,Runs,Jose Ramirez,Cleveland Indians,45.0
2020,Slugging Average,Jose Abreu,Chicago White Sox,0.617
2020,Stolen Bases,Adalberto Mondesi,Kansas City Royals,24.0
2020,Total Bases,Jose Abreu,Chicago White Sox,148.0
2020,Triples,Kyle Tucker,Houston Astros,6.0
2021,Base on Balls,Joey Gallo,Texas Rangers,111.0
2021,Base on Balls,Joey Gallo,New York Yankees,111.0
2021,Batting Average,Yuli Gurriel,Houston Astros,0.319
2021,Doubles,Jeimer Candelario,Detroit Tigers,42.0
2021,Doubles,J.D. Martinez,Boston Red Sox,42.0
2021,Doubles,Whit Merrifield,Kansas City Royals,42.0
2021,Hits,Bo Bichette,Toronto Blue Jays,191.0
2021,Home Runs,Vladimir Guerrero Jr.,Toronto Blue Jays,48.0
2021,Home Runs,Salvador Perez,Kansas City Royals,48.0
2021,On Base Percentage,Vladimir Guerrero Jr.,Toronto Blue Jays,0.401
2021,RBI,Salvador Perez,Kansas City Royals,121.0
2021,Runs,Vladimir Guerrero Jr.,Toronto Blue Jays,123.0
2021,Slugging Average,Vladimir Guerrero Jr.,Toronto Blue Jays,0.601
2021,Stolen Bases,Whit Merrifield,Kansas City Royals,40.0
2021,Total Bases,Vladimir Guerrero Jr.,Toronto Blue Jays,363.0
2021,Triples,Shohei Ohtani,Los Angeles Angels,8.0
2022,Base on Balls,Aaron Judge,New York Yankees,111.0
2022,Batting Average,Luis Arraez,Minnesota Twins,0.316
2022,Doubles,Jos Ramrez,Cleveland Guardians,44.0
2022,Hits,Bo Bichette,Toronto Blue Jays,189.0
2022,Home Runs,Aaron Judge,New York Yankees,62.0
2022,On Base Percentage,Aaron Judge,New York Yankees,0.425
2022,RBI,Aaron Judge,New York Yankees,131.0
2022,Runs,Aaron Judge,New York Yankees,133.0
2022,Slugging Average,Aaron Judge,New York Yankees,0.686
2022,Stolen Bases,Jorge Mateo,Baltimore Orioles,35.0
2022,Total Bases,Aaron Judge,New York Yankees,391.0
2022,Triples,Amed Rosario,Cleveland Guardians,9.0
2023,Base on Balls,J.P. Crawford,Seattle Mariners,94.0
2023,Batting Average,Yandy Daz,Tampa Bay Rays,0.33
2023,Doubles,Corey Seager,Texas Rangers,42.0
2023,Hits,Marcus Semien,Texas Rangers,185.0
2023,Home Runs,Shohei Ohtani,Los Angeles Angels,44.0
2023,On Base Percentage,Shohei Ohtani,Los Angeles Angels,0.412
2023,RBI,Kyle Tucker,Houston Astros,112.0
2023,Runs,Marcus Semien,Texas Rangers,122.0
2023,Slugging Average,Shohei Ohtani,Los Angeles Angels,0.654
2023,Stolen Bases,Esteury Ruiz,Oakland Athletics,67.0
2023,Total Bases,Shohei Ohtani,Los Angeles Angels,325.0
2023,Triples,Bobby Witt Jr.,Kansas City Royals,11.0
2024,Base on Balls,Aaron Judge,New York,133.0
2024,Batting Average,Bobby Witt Jr.,Kansas City,0.332
2024,Doubles,Jarren Duran,Boston,48.0
2024,Hits,Bobby Witt Jr.,Kansas City,211.0
2024,Home Runs,Aaron Judge,New York,58.0
2024,On Base Percentage,Aaron Judge,New York,0.458
2024,RBI,Aaron Judge,New York,144.0
2024,Runs,Juan Soto,New York,128.0
2024,Slugging Average,Aaron Judge,New York,0.701
2024,Stolen Bases,Jose Caballero,Tampa Bay,44.0
2024,Total Bases,Aaron Judge,New York,392.0
2024,Triples,Jarren Duran,Boston,14.0
