1901,Conference placeholder,1901 American League Team Standings,1901 American League Team Standings,1901 American League Team Standings,Ties placeholder,1901 American League Team Standings,1901 American League Team Standings,Payroll placeholder
1901,Conference placeholder,Team | Roster,W,L,Ties placeholder,WP,GB,Payroll placeholder
1901,Conference placeholder,Chicago White Sox,83,53,Ties placeholder,.610,0,Payroll placeholder
1901,Conference placeholder,Boston Americans,79,57,Ties placeholder,.581,4,Payroll placeholder
1901,Conference placeholder,Detroit Tigers,74,61,Ties placeholder,.548,8½,Payroll placeholder
1901,Conference placeholder,Philadelphia Athletics,74,62,Ties placeholder,.544,9,Payroll placeholder
1901,Conference placeholder,Baltimore Orioles,68,65,Ties placeholder,.511,13½,Payroll placeholder
1901,Conference placeholder,Washington Senators,61,72,Ties placeholder,.459,20½,Payroll placeholder
1901,Conference placeholder,Cleveland Blues,54,82,Ties placeholder,.397,29,Payroll placeholder
1901,Conference placeholder,Milwaukee Brewers,48,89,Ties placeholder,.350,35½,Payroll placeholder
1901,Conference placeholder,Team | Roster,W,L,Ties placeholder,WP,GB,Payroll placeholder
1901,Conference placeholder,1901 American League Team Standings,1901 American League Team Standings,1901 American League Team Standings,Ties placeholder,1901 American League Team Standings,1901 American League Team Standings,Payroll placeholder
1902,Conference placeholder,1902 American League Team Standings,1902 American League Team Standings,1902 American League Team Standings,Ties placeholder,1902 American League Team Standings,1902 American League Team Standings,Payroll placeholder
1902,Conference placeholder,Team | Roster,W,L,Ties placeholder,WP,GB,Payroll placeholder
1902,Conference placeholder,Philadelphia Athletics,83,53,Ties placeholder,.610,0,Payroll placeholder
1902,Conference placeholder,St. Louis Browns,78,58,Ties placeholder,.574,5,Payroll placeholder
1902,Conference placeholder,Boston Americans,77,60,Ties placeholder,.562,6½,Payroll placeholder
1902,Conference placeholder,Chicago White Sox,74,60,Ties placeholder,.552,8,Payroll placeholder
1902,Conference placeholder,Cleveland Blues,69,67,Ties placeholder,.507,14,Payroll placeholder
1902,Conference placeholder,Washington Senators,61,75,Ties placeholder,.449,22,Payroll placeholder
1902,Conference placeholder,Detroit Tigers,52,83,Ties placeholder,.385,30½,Payroll placeholder
1902,Conference placeholder,Baltimore Orioles,50,88,Ties placeholder,.362,34,Payroll placeholder
1902,Conference placeholder,Team | Roster,W,L,Ties placeholder,WP,GB,Payroll placeholder
1902,Conference placeholder,1902 American League Team Standings,1902 American League Team Standings,1902 American League Team Standings,Ties placeholder,1902 American League Team Standings,1902 American League Team Standings,Payroll placeholder
1903,Conference placeholder,1903 American League Team Standings | World Series,1903 American League Team Standings | World Series,1903 American League Team Standings | World Series,Ties placeholder,1903 American League Team Standings | World Series,1903 American League Team Standings | World Series,Payroll placeholder
1903,Conference placeholder,Team | Roster,W,L,Ties placeholder,WP,GB,Payroll placeholder
1903,Conference placeholder,Boston Americans,91,47,Ties placeholder,.659,0,Payroll placeholder
1903,Conference placeholder,Philadelphia Athletics,75,60,Ties placeholder,.556,14½,Payroll placeholder
1903,Conference placeholder,Cleveland Blues,77,63,Ties placeholder,.550,15,Payroll placeholder
1903,Conference placeholder,New York Highlanders,72,62,Ties placeholder,.537,17,Payroll placeholder
1903,Conference placeholder,Detroit Tigers,65,71,Ties placeholder,.478,25,Payroll placeholder
1903,Conference placeholder,St. Louis Browns,65,74,Ties placeholder,.468,26½,Payroll placeholder
1903,Conference placeholder,Chicago White Sox,60,77,Ties placeholder,.438,30½,Payroll placeholder
1903,Conference placeholder,Washington Senators,43,94,Ties placeholder,.314,47½,Payroll placeholder
1903,Conference placeholder,Team | Roster,W,L,Ties placeholder,WP,GB,Payroll placeholder
1903,Conference placeholder,1903 American League Team Standings,1903 American League Team Standings,1903 American League Team Standings,Ties placeholder,1903 American League Team Standings,1903 American League Team Standings,Payroll placeholder
1904,Conference placeholder,1904 American League Team Standings,1904 American League Team Standings,1904 American League Team Standings,Ties placeholder,1904 American League Team Standings,1904 American League Team Standings,Payroll placeholder
1904,Conference placeholder,Team | Roster,W,L,Ties placeholder,WP,GB,Payroll placeholder
1904,Conference placeholder,Boston Americans,95,59,Ties placeholder,.617,0,Payroll placeholder
1904,Conference placeholder,New York Highlanders,92,59,Ties placeholder,.609,1½,Payroll placeholder
1904,Conference placeholder,Chicago White Sox,89,65,Ties placeholder,.578,6,Payroll placeholder
1904,Conference placeholder,Cleveland Blues,86,65,Ties placeholder,.570,7½,Payroll placeholder
1904,Conference placeholder,Philadelphia Athletics,81,70,Ties placeholder,.536,12½,Payroll placeholder
1904,Conference placeholder,St. Louis Browns,65,87,Ties placeholder,.428,29,Payroll placeholder
1904,Conference placeholder,Detroit Tigers,62,90,Ties placeholder,.408,32,Payroll placeholder
1904,Conference placeholder,Washington Senators,38,113,Ties placeholder,.252,55½,Payroll placeholder
1904,Conference placeholder,Team | Roster,W,L,Ties placeholder,WP,GB,Payroll placeholder
1904,Conference placeholder,1904 American League Team Standings,1904 American League Team Standings,1904 American League Team Standings,Ties placeholder,1904 American League Team Standings,1904 American League Team Standings,Payroll placeholder
1905,Conference placeholder,1905 American League  Team Standings,1905 American League  Team Standings,1905 American League  Team Standings,Ties placeholder,1905 American League  Team Standings,1905 American League  Team Standings,Payroll placeholder
1905,Conference placeholder,Team [Click for roster],Wins,Losses,Ties placeholder,WP,GB,Payroll placeholder
1905,Conference placeholder,Philadelphia Athletics,92,56,Ties placeholder,.622,0,Payroll placeholder
1905,Conference placeholder,Chicago White Sox,92,60,Ties placeholder,.605,2,Payroll placeholder
1905,Conference placeholder,Detroit Tigers,79,74,Ties placeholder,.516,15½,Payroll placeholder
1905,Conference placeholder,Boston Americans,78,74,Ties placeholder,.513,16,Payroll placeholder
1905,Conference placeholder,Cleveland Naps,76,78,Ties placeholder,.494,19,Payroll placeholder
1905,Conference placeholder,New York Highlanders,71,78,Ties placeholder,.477,21½,Payroll placeholder
1905,Conference placeholder,Washington Senators,64,87,Ties placeholder,.424,29½,Payroll placeholder
1905,Conference placeholder,St. Louis Browns,54,99,Ties placeholder,.353,40½,Payroll placeholder
1923,Conference placeholder,1923 American League  Team Standings,1923 American League  Team Standings,1923 American League  Team Standings,Ties placeholder,1923 American League  Team Standings,1923 American League  Team Standings,Payroll placeholder
1923,Conference placeholder,Team [Click for roster],Wins,Losses,Ties placeholder,WP,GB,Payroll placeholder
1923,Conference placeholder,New York Yankees,98,54,Ties placeholder,.610,0,Payroll placeholder
1923,Conference placeholder,Detroit Tigers,83,71,Ties placeholder,.539,16,Payroll placeholder
1923,Conference placeholder,Cleveland Indians,82,71,Ties placeholder,.536,16½,Payroll placeholder
1923,Conference placeholder,Washington Senators,75,78,Ties placeholder,.490,23½,Payroll placeholder
1923,Conference placeholder,St. Louis Browns,74,78,Ties placeholder,.487,24,Payroll placeholder
1923,Conference placeholder,Philadelphia Athletics,69,83,Ties placeholder,.454,29,Payroll placeholder
1923,Conference placeholder,Chicago White Sox,69,85,Ties placeholder,.448,30,Payroll placeholder
1923,Conference placeholder,Boston Red Sox,61,91,Ties placeholder,.401,37,Payroll placeholder
1924,Conference placeholder,1924 American League  Team Standings,1924 American League  Team Standings,1924 American League  Team Standings,Ties placeholder,1924 American League  Team Standings,1924 American League  Team Standings,Payroll placeholder
1924,Conference placeholder,Team [Click for roster],Wins,Losses,Ties placeholder,WP,GB,Payroll placeholder
1924,Conference placeholder,Washington Senators,92,62,Ties placeholder,.597,0,Payroll placeholder
1924,Conference placeholder,New York Yankees,89,63,Ties placeholder,.586,2,Payroll placeholder
1924,Conference placeholder,Detroit Tigers,86,68,Ties placeholder,.558,6,Payroll placeholder
1924,Conference placeholder,St. Louis Browns,74,78,Ties placeholder,.487,17,Payroll placeholder
1924,Conference placeholder,Philadelphia Athletics,71,81,Ties placeholder,.467,20,Payroll placeholder
1924,Conference placeholder,Cleveland Indians,67,86,Ties placeholder,.438,24½,Payroll placeholder
1924,Conference placeholder,Boston Red Sox,67,87,Ties placeholder,.435,25,Payroll placeholder
1924,Conference placeholder,Chicago White Sox,66,87,Ties placeholder,.431,25½,Payroll placeholder
1925,Conference placeholder,1925 American League  Team Standings,1925 American League  Team Standings,1925 American League  Team Standings,Ties placeholder,1925 American League  Team Standings,1925 American League  Team Standings,Payroll placeholder
1925,Conference placeholder,Team [Click for roster],Wins,Losses,Ties placeholder,WP,GB,Payroll placeholder
1925,Conference placeholder,Washington Senators,96,55,Ties placeholder,.636,0,Payroll placeholder
1925,Conference placeholder,Philadelphia Athletics,88,64,Ties placeholder,.579,8½,Payroll placeholder
1925,Conference placeholder,St. Louis Browns,82,71,Ties placeholder,.536,15,Payroll placeholder
1925,Conference placeholder,Detroit Tigers,81,73,Ties placeholder,.526,16½,Payroll placeholder
1925,Conference placeholder,Chicago White Sox,79,75,Ties placeholder,.513,18½,Payroll placeholder
1925,Conference placeholder,Cleveland Indians,70,84,Ties placeholder,.455,27½,Payroll placeholder
1925,Conference placeholder,New York Yankees,69,85,Ties placeholder,.448,28½,Payroll placeholder
1925,Conference placeholder,Boston Red Sox,47,105,Ties placeholder,.309,49½,Payroll placeholder
1926,Conference placeholder,1926 American League Team Standings,1926 American League Team Standings,1926 American League Team Standings,Ties placeholder,1926 American League Team Standings,1926 American League Team Standings,Payroll placeholder
1926,Conference placeholder,Team [Click for roster],Wins,Losses,Ties placeholder,WP,GB,Payroll placeholder
1926,Conference placeholder,New York Yankees,91,63,Ties placeholder,.591,0,Payroll placeholder
1926,Conference placeholder,Cleveland Indians,88,66,Ties placeholder,.571,3,Payroll placeholder
1926,Conference placeholder,Philadelphia Athletics,83,67,Ties placeholder,.553,6,Payroll placeholder
1926,Conference placeholder,Washington Senators,81,69,Ties placeholder,.540,8,Payroll placeholder
1926,Conference placeholder,Chicago White Sox,81,72,Ties placeholder,.529,9½,Payroll placeholder
1926,Conference placeholder,Detroit Tigers,79,75,Ties placeholder,.513,12,Payroll placeholder
1926,Conference placeholder,St. Louis Browns,62,92,Ties placeholder,.403,29,Payroll placeholder
1926,Conference placeholder,Boston Red Sox,46,107,Ties placeholder,.301,44½,Payroll placeholder
1928,Conference placeholder,1928 American League  Team Standings,1928 American League  Team Standings,1928 American League  Team Standings,1928 American League  Team Standings,1928 American League  Team Standings,1928 American League  Team Standings,Payroll placeholder
1928,Conference placeholder,Team [Click for roster],Wins,Losses,Ties,WP,GB,Payroll placeholder
1928,Conference placeholder,New York Yankees,101,53,0,.656,0,Payroll placeholder
1928,Conference placeholder,Philadelphia Athletics,98,55,0,.641,2½,Payroll placeholder
1928,Conference placeholder,St. Louis Browns,82,72,0,.532,19,Payroll placeholder
1928,Conference placeholder,Washington Senators,75,79,1,.487,26,Payroll placeholder
1928,Conference placeholder,Chicago White Sox,72,82,1,.468,29,Payroll placeholder
1928,Conference placeholder,Detroit Tigers,68,86,0,.442,33,Payroll placeholder
1928,Conference placeholder,Cleveland Indians,62,92,1,.403,39,Payroll placeholder
1928,Conference placeholder,Boston Red Sox,57,96,1,.373,43½,Payroll placeholder
1929,Conference placeholder,1929 American League  Team Standings,1929 American League  Team Standings,1929 American League  Team Standings,Ties placeholder,1929 American League  Team Standings,1929 American League  Team Standings,Payroll placeholder
1929,Conference placeholder,Team [Click for roster],Wins,Losses,Ties placeholder,WP,GB,Payroll placeholder
1929,Conference placeholder,Philadelphia Athletics,104,46,Ties placeholder,.693,0,Payroll placeholder
1929,Conference placeholder,New York Yankees,88,66,Ties placeholder,.571,18,Payroll placeholder
1929,Conference placeholder,Cleveland Indians,81,71,Ties placeholder,.533,24,Payroll placeholder
1929,Conference placeholder,St. Louis Browns,79,73,Ties placeholder,.520,26,Payroll placeholder
1929,Conference placeholder,Washington Senators,71,81,Ties placeholder,.467,34,Payroll placeholder
1929,Conference placeholder,Detroit Tigers,70,84,Ties placeholder,.455,36,Payroll placeholder
1929,Conference placeholder,Chicago White Sox,59,93,Ties placeholder,.388,46,Payroll placeholder
1929,Conference placeholder,Boston Red Sox,58,96,Ties placeholder,.377,48,Payroll placeholder
1930,Conference placeholder,1930 American League Team Standings,1930 American League Team Standings,1930 American League Team Standings,Ties placeholder,1930 American League Team Standings,1930 American League Team Standings,Payroll placeholder
1930,Conference placeholder,Team [Click for roster],Wins,Losses,Ties placeholder,WP,GB,Payroll placeholder
1930,Conference placeholder,Philadelphia Athletics,102,52,Ties placeholder,.662,0,Payroll placeholder
1930,Conference placeholder,Washington Senators,94,60,Ties placeholder,.610,8,Payroll placeholder
1930,Conference placeholder,New York Yankees,86,68,Ties placeholder,.558,16,Payroll placeholder
1930,Conference placeholder,Cleveland Indians,81,73,Ties placeholder,.526,21,Payroll placeholder
1930,Conference placeholder,Detroit Tigers,75,79,Ties placeholder,.487,27,Payroll placeholder
1930,Conference placeholder,St. Louis Browns,64,90,Ties placeholder,.416,38,Payroll placeholder
1930,Conference placeholder,Chicago White Sox,62,92,Ties placeholder,.403,40,Payroll placeholder
1930,Conference placeholder,Boston Red Sox,52,102,Ties placeholder,.338,50,Payroll placeholder
1931,Conference placeholder,1931 American League  Team Standings,1931 American League  Team Standings,1931 American League  Team Standings,Ties placeholder,1931 American League  Team Standings,1931 American League  Team Standings,Payroll placeholder
1931,Conference placeholder,Team [Click for roster],Wins,Losses,Ties placeholder,WP,GB,Payroll placeholder
1931,Conference placeholder,Philadelphia Athletics,107,45,Ties placeholder,.704,0,Payroll placeholder
1931,Conference placeholder,New York Yankees,94,59,Ties placeholder,.614,13½,Payroll placeholder
1931,Conference placeholder,Washington Senators,92,62,Ties placeholder,.597,16,Payroll placeholder
1931,Conference placeholder,Cleveland Indians,78,76,Ties placeholder,.506,30,Payroll placeholder
1931,Conference placeholder,St. Louis Browns,63,91,Ties placeholder,.409,45,Payroll placeholder
1931,Conference placeholder,Boston Red Sox,62,90,Ties placeholder,.408,45,Payroll placeholder
1931,Conference placeholder,Detroit Tigers,61,93,Ties placeholder,.396,47,Payroll placeholder
1931,Conference placeholder,Chicago White Sox,56,97,Ties placeholder,.366,51½,Payroll placeholder
1933,Conference placeholder,1933 American League Team Standings,1933 American League Team Standings,1933 American League Team Standings,Ties placeholder,1933 American League Team Standings,1933 American League Team Standings,Payroll placeholder
1933,Conference placeholder,Team [Click for roster],Wins,Losses,Ties placeholder,WP,GB,Payroll placeholder
1933,Conference placeholder,Washington Senators,99,53,Ties placeholder,.651,0,Payroll placeholder
1933,Conference placeholder,New York Yankees,91,59,Ties placeholder,.607,7,Payroll placeholder
1933,Conference placeholder,Philadelphia Athletics,79,72,Ties placeholder,.523,19½,Payroll placeholder
1933,Conference placeholder,Cleveland Indians,75,76,Ties placeholder,.497,23½,Payroll placeholder
1933,Conference placeholder,Detroit Tigers,75,79,Ties placeholder,.487,25,Payroll placeholder
1933,Conference placeholder,Chicago White Sox,67,83,Ties placeholder,.447,31,Payroll placeholder
1933,Conference placeholder,Boston Red Sox,63,86,Ties placeholder,.423,34½,Payroll placeholder
1933,Conference placeholder,St. Louis Browns,55,96,Ties placeholder,.364,43½,Payroll placeholder
1934,Conference placeholder,1934 American League  Team Standings,1934 American League  Team Standings,1934 American League  Team Standings,Ties placeholder,1934 American League  Team Standings,1934 American League  Team Standings,Payroll placeholder
1934,Conference placeholder,Team [Click for roster],Wins,Losses,Ties placeholder,WP,GB,Payroll placeholder
1934,Conference placeholder,Detroit Tigers,101,53,Ties placeholder,.656,0,Payroll placeholder
1934,Conference placeholder,New York Yankees,94,60,Ties placeholder,.610,7,Payroll placeholder
1934,Conference placeholder,Cleveland Indians,85,69,Ties placeholder,.552,16,Payroll placeholder
1934,Conference placeholder,Boston Red Sox,76,76,Ties placeholder,.500,24,Payroll placeholder
1934,Conference placeholder,Philadelphia Athletics,68,82,Ties placeholder,.453,31,Payroll placeholder
1934,Conference placeholder,St. Louis Browns,67,85,Ties placeholder,.441,33,Payroll placeholder
1934,Conference placeholder,Washington Senators,66,86,Ties placeholder,.434,34,Payroll placeholder
1934,Conference placeholder,Chicago White Sox,53,99,Ties placeholder,.349,47,Payroll placeholder
1937,Conference placeholder,1937 American League Team Standings,1937 American League Team Standings,1937 American League Team Standings,Ties placeholder,1937 American League Team Standings,1937 American League Team Standings,Payroll placeholder
1937,Conference placeholder,Team [Click for roster],Wins,Losses,Ties placeholder,WP,GB,Payroll placeholder
1937,Conference placeholder,New York Yankees,102,52,Ties placeholder,.662,0,Payroll placeholder
1937,Conference placeholder,Detroit Tigers,89,65,Ties placeholder,.578,13,Payroll placeholder
1937,Conference placeholder,Chicago White Sox,86,68,Ties placeholder,.558,16,Payroll placeholder
1937,Conference placeholder,Cleveland Indians,83,71,Ties placeholder,.539,19,Payroll placeholder
1937,Conference placeholder,Boston Red Sox,80,72,Ties placeholder,.526,21,Payroll placeholder
1937,Conference placeholder,Washington Senators,73,80,Ties placeholder,.477,28½,Payroll placeholder
1937,Conference placeholder,Philadelphia Athletics,54,97,Ties placeholder,.358,46½,Payroll placeholder
1937,Conference placeholder,St. Louis Browns,46,108,Ties placeholder,.299,56,Payroll placeholder
1938,Conference placeholder,1938 American League Team Standings,1938 American League Team Standings,1938 American League Team Standings,Ties placeholder,1938 American League Team Standings,1938 American League Team Standings,Payroll placeholder
1938,Conference placeholder,Team | Roster,Wins,Losses,Ties placeholder,WP,GB,Payroll placeholder
1938,Conference placeholder,New York Yankees,99,53,Ties placeholder,.651,0,Payroll placeholder
1938,Conference placeholder,Boston Red Sox,88,61,Ties placeholder,.591,9½,Payroll placeholder
1938,Conference placeholder,Cleveland Indians,86,66,Ties placeholder,.566,13,Payroll placeholder
1938,Conference placeholder,Detroit Tigers,84,70,Ties placeholder,.545,16,Payroll placeholder
1938,Conference placeholder,Washington Senators,75,76,Ties placeholder,.497,23½,Payroll placeholder
1938,Conference placeholder,Chicago White Sox,65,83,Ties placeholder,.439,32,Payroll placeholder
1938,Conference placeholder,St. Louis Browns,55,97,Ties placeholder,.362,44,Payroll placeholder
1938,Conference placeholder,Philadelphia Athletics,53,99,Ties placeholder,.349,46,Payroll placeholder
1938,Conference placeholder,Team | Roster,Wins,Losses,Ties placeholder,WP,GB,Payroll placeholder
1938,Conference placeholder,1938 A.L. Final Standings,1938 A.L. Final Standings,1938 A.L. Final Standings,Ties placeholder,1938 A.L. Final Standings,1938 A.L. Final Standings,Payroll placeholder
1939,Conference placeholder,1939 American League  Team Standings,1939 American League  Team Standings,1939 American League  Team Standings,Ties placeholder,1939 American League  Team Standings,1939 American League  Team Standings,Payroll placeholder
1939,Conference placeholder,Team [Click for roster],Wins,Losses,Ties placeholder,WP,GB,Payroll placeholder
1939,Conference placeholder,New York Yankees,106,45,Ties placeholder,.702,0,Payroll placeholder
1939,Conference placeholder,Boston Red Sox,89,62,Ties placeholder,.589,17,Payroll placeholder
1939,Conference placeholder,Cleveland Indians,87,67,Ties placeholder,.565,20½,Payroll placeholder
1939,Conference placeholder,Chicago White Sox,85,69,Ties placeholder,.552,22½,Payroll placeholder
1939,Conference placeholder,Detroit Tigers,81,73,Ties placeholder,.526,26½,Payroll placeholder
1939,Conference placeholder,Washington Senators,65,87,Ties placeholder,.428,41½,Payroll placeholder
1939,Conference placeholder,Philadelphia Athletics,55,97,Ties placeholder,.362,51½,Payroll placeholder
1939,Conference placeholder,St. Louis Browns,43,111,Ties placeholder,.279,64½,Payroll placeholder
1940,Conference placeholder,1940 American League Team Standings,1940 American League Team Standings,1940 American League Team Standings,Ties placeholder,1940 American League Team Standings,1940 American League Team Standings,Payroll placeholder
1940,Conference placeholder,Team [Click for roster],Wins,Losses,Ties placeholder,WP,GB,Payroll placeholder
1940,Conference placeholder,Detroit Tigers,90,64,Ties placeholder,.584,0,Payroll placeholder
1940,Conference placeholder,Cleveland Indians,89,65,Ties placeholder,.578,1,Payroll placeholder
1940,Conference placeholder,New York Yankees,88,66,Ties placeholder,.571,2,Payroll placeholder
1940,Conference placeholder,Chicago White Sox,82,72,Ties placeholder,.532,8,Payroll placeholder
1940,Conference placeholder,Boston Red Sox,82,72,Ties placeholder,.532,8,Payroll placeholder
1940,Conference placeholder,St. Louis Browns,67,87,Ties placeholder,.435,23,Payroll placeholder
1940,Conference placeholder,Washington Senators,64,90,Ties placeholder,.416,26,Payroll placeholder
1940,Conference placeholder,Philadelphia Athletics,54,100,Ties placeholder,.351,36,Payroll placeholder
1986,1986 American League  Team Standings,1986 American League  Team Standings,1986 American League  Team Standings,1986 American League  Team Standings,Ties placeholder,1986 American League  Team Standings,1986 American League  Team Standings,1986 American League  Team Standings
1986,East,Team [Click for roster],Wins,Losses,Ties placeholder,WP,GB,Payroll
1986,East,Boston Red Sox,95,66,Ties placeholder,.590,0,"$16,003,236"
1986,East,New York Yankees,90,72,Ties placeholder,.556,5½,"$17,248,360"
1986,East,Detroit Tigers,87,75,Ties placeholder,.537,8½,"$12,254,047"
1986,East,Toronto Blue Jays,86,76,Ties placeholder,.531,9½,"$12,447,880"
1986,East,Cleveland Indians,84,78,Ties placeholder,.519,11½,"$8,047,000"
1986,East,Milwaukee Brewers,77,84,Ties placeholder,.478,18,"$8,429,321"
1986,East,Baltimore Orioles,73,89,Ties placeholder,.451,22½,"$12,196,745"
1986,West,Team [Click for roster],Wins,Losses,Ties placeholder,WP,GB,Payroll
1986,West,California Angels,92,70,Ties placeholder,.568,0,"$14,254,758"
1986,West,Texas Rangers,87,75,Ties placeholder,.537,5,"$6,892,218"
1986,West,Kansas City Royals,76,86,Ties placeholder,.469,16,"$13,996,417"
1986,West,Oakland Athletics,76,86,Ties placeholder,.469,16,"$9,933,388"
1986,West,Chicago White Sox,72,90,Ties placeholder,.444,20,"$10,099,510"
1986,West,Minnesota Twins,71,91,Ties placeholder,.438,21,"$9,815,200"
1986,West,Seattle Mariners,67,95,Ties placeholder,.414,25,"$6,382,309"
1986,American League Team Standings,American League Team Standings,American League Team Standings,American League Team Standings,Ties placeholder,American League Team Standings,American League Team Standings,American League Team Standings
1987,1987 American League  Team Standings,1987 American League  Team Standings,1987 American League  Team Standings,1987 American League  Team Standings,Ties placeholder,1987 American League  Team Standings,1987 American League  Team Standings,1987 American League  Team Standings
1987,East,Team [Click for roster],Wins,Losses,Ties placeholder,WP,GB,Payroll
1987,East,Detroit Tigers,98,64,Ties placeholder,.605,0,"$12,557,881"
1987,East,Toronto Blue Jays,96,66,Ties placeholder,.593,2,"$13,194,734"
1987,East,Milwaukee Brewers,91,71,Ties placeholder,.562,7,"$7,687,724"
1987,East,New York Yankees,89,73,Ties placeholder,.549,9,"$18,569,714"
1987,East,Boston Red Sox,78,84,Ties placeholder,.481,20,"$13,211,873"
1987,East,Baltimore Orioles,67,95,Ties placeholder,.414,31,"$13,434,895"
1987,East,Cleveland Indians,61,101,Ties placeholder,.377,37,"$7,955,250"
1987,West,Team [Click for roster],Wins,Losses,Ties placeholder,WP,GB,Payroll
1987,West,Minnesota Twins,85,77,Ties placeholder,.525,0,"$13,271,956"
1987,West,Kansas City Royals,83,79,Ties placeholder,.512,2,"$13,188,384"
1987,West,Oakland Athletics,81,81,Ties placeholder,.500,4,"$12,292,250"
1987,West,Seattle Mariners,78,84,Ties placeholder,.481,7,"$5,624,500"
1987,West,Chicago White Sox,77,85,Ties placeholder,.475,8,"$8,987,415"
1987,West,Texas Rangers,75,87,Ties placeholder,.463,10,"$6,342,718"
1987,West,California Angels,75,87,Ties placeholder,.463,10,"$12,985,489"
1987,American League Team Standings,American League Team Standings,American League Team Standings,American League Team Standings,Ties placeholder,American League Team Standings,American League Team Standings,American League Team Standings
1988,1988 American League Team Standings,1988 American League Team Standings,1988 American League Team Standings,1988 American League Team Standings,Ties placeholder,1988 American League Team Standings,1988 American League Team Standings,1988 American League Team Standings
1988,East,Team [Click for roster],Wins,Losses,Ties placeholder,WP,GB,Payroll
1988,East,Boston Red Sox,89,73,Ties placeholder,.549,0,"$15,629,592"
1988,East,Detroit Tigers,88,74,Ties placeholder,.543,1,"$15,597,071"
1988,East,Toronto Blue Jays,87,75,Ties placeholder,.537,2,"$14,098,725"
1988,East,Milwaukee Brewers,87,75,Ties placeholder,.537,2,"$10,864,000"
1988,East,New York Yankees,85,76,Ties placeholder,.528,3½,"$21,524,152"
1988,East,Cleveland Indians,78,84,Ties placeholder,.481,11,"$10,244,500"
1988,East,Baltimore Orioles,54,107,Ties placeholder,.335,34½,"$11,370,404"
1988,West,Team [Click for roster],Wins,Losses,Ties placeholder,WP,GB,Payroll
1988,West,Oakland Athletics,104,58,Ties placeholder,.642,0,"$11,628,083"
1988,West,Minnesota Twins,91,71,Ties placeholder,.562,13,"$13,444,800"
1988,West,Kansas City Royals,84,77,Ties placeholder,.522,19½,"$14,058,873"
1988,West,California Angels,75,87,Ties placeholder,.463,29,"$12,382,388"
1988,West,Chicago White Sox,71,90,Ties placeholder,.441,32½,"$7,736,952"
1988,West,Texas Rangers,70,91,Ties placeholder,.435,33½,"$7,105,500"
1988,West,Seattle Mariners,68,93,Ties placeholder,.422,35½,"$6,545,950"
1988,American League Team Standings,American League Team Standings,American League Team Standings,American League Team Standings,Ties placeholder,American League Team Standings,American League Team Standings,American League Team Standings
1989,1989 American League Team Standings,1989 American League Team Standings,1989 American League Team Standings,1989 American League Team Standings,Ties placeholder,1989 American League Team Standings,1989 American League Team Standings,1989 American League Team Standings
1989,East,Team [Click for roster],Wins,Losses,Ties placeholder,WP,GB,Payroll
1989,East,Toronto Blue Jays,89,73,Ties placeholder,.549,0,"$16,016,666"
1989,East,Baltimore Orioles,87,75,Ties placeholder,.537,2,"$10,944,499"
1989,East,Boston Red Sox,83,79,Ties placeholder,.512,6,"$19,064,885"
1989,East,Milwaukee Brewers,81,81,Ties placeholder,.500,8,"$11,901,500"
1989,East,New York Yankees,74,87,Ties placeholder,.460,14½,"$18,482,251"
1989,East,Cleveland Indians,73,89,Ties placeholder,.451,16,"$10,349,500"
1989,East,Detroit Tigers,59,103,Ties placeholder,.364,30,"$14,147,763"
1989,West,Team [Click for roster],Wins,Losses,Ties placeholder,WP,GB,Payroll
1989,West,Oakland Athletics,99,63,Ties placeholder,.611,0,"$17,772,999"
1989,West,Kansas City Royals,92,70,Ties placeholder,.568,7,"$17,101,047"
1989,West,California Angels,91,71,Ties placeholder,.562,8,"$15,362,333"
1989,West,Texas Rangers,83,79,Ties placeholder,.512,16,"$10,831,781"
1989,West,Minnesota Twins,80,82,Ties placeholder,.494,19,"$14,303,000"
1989,West,Seattle Mariners,73,89,Ties placeholder,.451,26,"$8,702,500"
1989,West,Chicago White Sox,69,92,Ties placeholder,.429,29½,"$8,981,094"
1989,American League Team Standings,American League Team Standings,American League Team Standings,American League Team Standings,Ties placeholder,American League Team Standings,American League Team Standings,American League Team Standings
1990,1990 American League  Team Standings,1990 American League  Team Standings,1990 American League  Team Standings,1990 American League  Team Standings,Ties placeholder,1990 American League  Team Standings,1990 American League  Team Standings,1990 American League  Team Standings
1990,East,Team [Click for roster],Wins,Losses,Ties placeholder,WP,GB,Payroll
1990,East,Boston Red Sox,88,74,Ties placeholder,.543,0,"$21,843,333"
1990,East,Toronto Blue Jays,86,76,Ties placeholder,.531,2,"$16,231,854"
1990,East,Detroit Tigers,79,83,Ties placeholder,.488,9,"$18,248,738"
1990,East,Cleveland Indians,77,85,Ties placeholder,.475,11,"$13,820,000"
1990,East,Baltimore Orioles,76,85,Ties placeholder,.472,11½,"$7,985,584"
1990,East,Milwaukee Brewers,74,88,Ties placeholder,.457,14,"$18,196,667"
1990,East,New York Yankees,67,95,Ties placeholder,.414,21,"$19,339,816"
1990,West,Team [Click for roster],Wins,Losses,Ties placeholder,WP,GB,Payroll
1990,West,Oakland Athletics,103,59,Ties placeholder,.636,0,"$21,785,040"
1990,West,Chicago White Sox,94,68,Ties placeholder,.580,9,"$9,843,529"
1990,West,Texas Rangers,83,79,Ties placeholder,.512,20,"$12,617,333"
1990,West,California Angels,80,82,Ties placeholder,.494,23,"$21,391,152"
1990,West,Seattle Mariners,77,85,Ties placeholder,.475,26,"$11,918,167"
1990,West,Kansas City Royals,75,86,Ties placeholder,.466,27½,"$23,197,845"
1990,West,Minnesota Twins,74,88,Ties placeholder,.457,29,"$13,528,000"
1990,American League Team Standings,American League Team Standings,American League Team Standings,American League Team Standings,Ties placeholder,American League Team Standings,American League Team Standings,American League Team Standings
1992,1992 American League  Team Standings,1992 American League  Team Standings,1992 American League  Team Standings,1992 American League  Team Standings,Ties placeholder,1992 American League  Team Standings,1992 American League  Team Standings,1992 American League  Team Standings
1992,East,Team [Click for roster],Wins,Losses,Ties placeholder,WP,GB,Payroll
1992,East,Toronto Blue Jays,96,66,Ties placeholder,.593,0,"$48,991,840"
1992,East,Milwaukee Brewers,92,70,Ties placeholder,.568,4,"$29,849,670"
1992,East,Baltimore Orioles,89,73,Ties placeholder,.549,7,"$23,023,330"
1992,East,New York Yankees,76,86,Ties placeholder,.469,20,"$34,789,500"
1992,East,Cleveland indians,76,86,Ties placeholder,.469,20,"$8,399,711"
1992,East,Detroit Tigers,75,87,Ties placeholder,.463,21,"$29,479,830"
1992,East,Boston Red Sox,73,89,Ties placeholder,.451,23,"$41,887,250"
1992,West,Team [Click for roster],Wins,Losses,Ties placeholder,WP,GB,Payroll
1992,West,Oakland Athletics,96,66,Ties placeholder,.593,0,"$47,372,810"
1992,West,Minnesota Twins,90,72,Ties placeholder,.556,6,"$26,222,830"
1992,West,Chicago White Sox,86,76,Ties placeholder,.531,10,"$29,524,500"
1992,West,Texas Rangers,77,85,Ties placeholder,.475,19,"$25,323,000"
1992,West,Kansas City Royals,72,90,Ties placeholder,.444,24,"$30,248,830"
1992,West,California Angels,72,90,Ties placeholder,.444,24,"$26,343,670"
1992,West,Seattle Mariners,64,98,Ties placeholder,.395,32,"$23,831,330"
1992,American League Team Standings,American League Team Standings,American League Team Standings,American League Team Standings,Ties placeholder,American League Team Standings,American League Team Standings,American League Team Standings
1993,1993 American League  Team Standings,1993 American League  Team Standings,1993 American League  Team Standings,1993 American League  Team Standings,Ties placeholder,1993 American League  Team Standings,1993 American League  Team Standings,1993 American League  Team Standings
1993,East,Team [Click for roster],Wins,Losses,Ties placeholder,WP,GB,Payroll
1993,East,Toronto Blue Jays,95,67,Ties placeholder,.586,0,"$51,935,034"
1993,East,New York Yankees,88,74,Ties placeholder,.543,7,"$46,588,791"
1993,East,Baltimore Orioles,85,77,Ties placeholder,.525,10,"$29,253,066"
1993,East,Detroit Tigers,85,77,Ties placeholder,.525,10,"$38,038,498"
1993,East,Boston Red Sox,80,82,Ties placeholder,.494,15,"$46,164,788"
1993,East,Cleveland Indians,76,86,Ties placeholder,.469,19,"$16,690,997"
1993,East,Milwaukee Brewers,69,93,Ties placeholder,.426,26,"$25,635,387"
1993,West,Team [Click for roster],Wins,Losses,Ties placeholder,WP,GB,Payroll
1993,West,Chicago White Sox,94,68,Ties placeholder,.580,0,"$42,115,723"
1993,West,Texas Rangers,86,76,Ties placeholder,.531,8,"$39,959690"
1993,West,Kansas City Royals,84,78,Ties placeholder,.519,10,"$40,164,878"
1993,West,Seattle Mariners,82,80,Ties placeholder,.506,12,"$33,311,042"
1993,West,California Angels,71,91,Ties placeholder,.438,23,"$27,444,899"
1993,West,Minnesota Twins,71,91,Ties placeholder,.438,23,"$27,127,768"
1993,West,Oakland Athletics,68,94,Ties placeholder,.420,26,"$35,351,334"
1993,American League Team Standings,American League Team Standings,American League Team Standings,American League Team Standings,Ties placeholder,American League Team Standings,American League Team Standings,American League Team Standings
1994,1994 American League  Team Standings,1994 American League  Team Standings,1994 American League  Team Standings,1994 American League  Team Standings,Ties placeholder,1994 American League  Team Standings,1994 American League  Team Standings,1994 American League  Team Standings
1994,East,Team [Click for roster],Wins,Losses,Ties placeholder,WP,GB,Payroll
1994,East,New York Yankees,70,43,Ties placeholder,.619,0,"$47,512,342"
1994,East,Baltimore Orioles,63,49,Ties placeholder,.563,6½,"$38,711,487"
1994,East,Toronto Blue Jays,55,60,Ties placeholder,.478,16,"$42,265,168"
1994,East,Boston Red Sox,54,61,Ties placeholder,.470,17,"$36,337,937"
1994,East,Detroit Tigers,53,62,Ties placeholder,.461,18,"$41,118,509"
1994,Central,Team [Click for roster],Wins,Losses,Ties placeholder,WP,GB,Payroll
1994,Central,Chicago White Sox,67,46,Ties placeholder,.593,0,"$40,144,836"
1994,Central,Cleveland Indians,66,47,Ties placeholder,.584,1,"$31,705,667"
1994,Central,Kansas City Royals,64,51,Ties placeholder,.557,4,"$40,667,375"
1994,Central,Minnesota Twins,53,60,Ties placeholder,.469,14,"$25,053,237"
1994,Central,Milwaukee Brewers,53,62,Ties placeholder,.461,15,"$24,786,857"
1994,West,Team [Click for roster],Wins,Losses,Ties placeholder,WP,GB,Payroll
1994,West,Texas Rangers,52,62,Ties placeholder,.456,0,"$32,399,097"
1994,West,Oakland Athletics,51,63,Ties placeholder,.447,1,"$34,574,000"
1994,West,Seattle Mariners,49,63,Ties placeholder,.438,2,"$28,463,110"
1994,West,California Angels,47,68,Ties placeholder,.409,5½,"$24,528,385"
1994,American League Team Standings,American League Team Standings,American League Team Standings,American League Team Standings,Ties placeholder,American League Team Standings,American League Team Standings,American League Team Standings
1995,1995 American League  Team Standings,1995 American League  Team Standings,1995 American League  Team Standings,1995 American League  Team Standings,Ties placeholder,1995 American League  Team Standings,1995 American League  Team Standings,1995 American League  Team Standings
1995,East,Team [Click for roster],Wins,Losses,Ties placeholder,WP,GB,Payroll
1995,East,Boston Red Sox,86,58,Ties placeholder,.597,0,"$38,157,750"
1995,East,New York Yankees,79,65,Ties placeholder,.549,7,"$58,165,252"
1995,East,Baltimore Orioles,71,73,Ties placeholder,.493,15,"$48,739,636"
1995,East,Detroit Tigers,60,84,Ties placeholder,.417,26,"$28,663,667"
1995,East,Toronto Blue Jays,56,88,Ties placeholder,.389,30,"$42,233,500"
1995,Central,Team [Click for roster],Wins,Losses,Ties placeholder,WP,GB,Payroll
1995,Central,Cleveland Indians,100,44,Ties placeholder,.694,0,"$40,180,750"
1995,Central,Kansas City Royals,70,74,Ties placeholder,.486,30,"$31,181,334"
1995,Central,Chicago White Sox,68,76,Ties placeholder,.472,32,"$40,750,782"
1995,Central,Milwaukee Brewers,65,79,Ties placeholder,.451,35,"$17,407,385"
1995,Central,Minnesota Twins,56,88,Ties placeholder,.389,44,"$15,362,750"
1995,West,Team [Click for roster],Wins,Losses,Ties placeholder,WP,GB,Payroll
1995,West,Seattle Mariners,79,66,Ties placeholder,.545,0,"$37,984,610"
1995,West,California Angels,78,67,Ties placeholder,.538,1,"$34,702,577"
1995,West,Texas Rangers,74,70,Ties placeholder,.514,4½,"$35,888,725"
1995,West,Oakland Athletics,67,77,Ties placeholder,.465,11½,"$33,372,722"
1995,American League Team Standings,American League Team Standings,American League Team Standings,American League Team Standings,Ties placeholder,American League Team Standings,American League Team Standings,American League Team Standings
1996,1996 American League  Team Standings,1996 American League  Team Standings,1996 American League  Team Standings,1996 American League  Team Standings,Ties placeholder,1996 American League  Team Standings,1996 American League  Team Standings,1996 American League  Team Standings
1996,East,Team [Click for roster],Wins,Losses,Ties placeholder,WP,GB,Payroll
1996,East,New York Yankees,92,70,Ties placeholder,.568,0,"$61,511,870"
1996,East,Baltimore Orioles,88,74,Ties placeholder,.543,4,"$55,127,855"
1996,East,Boston Red Sox,85,77,Ties placeholder,.525,7,"$38,516,402"
1996,East,Toronto Blue Jays,74,88,Ties placeholder,.457,18,"$28,778,577"
1996,East,Detroit Tigers,53,109,Ties placeholder,.327,39,"$17,955,500"
1996,Central,Team [Click for roster],Wins,Losses,Ties placeholder,WP,GB,Payroll
1996,Central,Cleveland Indians,99,62,Ties placeholder,.615,0,"$47,686,907"
1996,Central,Chicago White Sox,85,77,Ties placeholder,.525,14½,"$44,827,833"
1996,Central,Milwaukee Brewers,80,82,Ties placeholder,.494,19½,"$11,701,000"
1996,Central,Minnesota Twins,78,84,Ties placeholder,.484,21½,"$21,254,000"
1996,Central,Kansas City Royals,75,86,Ties placeholder,.466,24,"$19,980,250"
1996,West,Team [Click for roster],Wins,Losses,Ties placeholder,WP,GB,Payroll
1996,West,Texas Rangers,90,72,Ties placeholder,.556,0,"$41,080,028"
1996,West,Seattle Mariners,85,76,Ties placeholder,.528,4½,"$43,131,001"
1996,West,Oakland Athletics,78,84,Ties placeholder,.481,12,"$22,524,093"
1996,West,California Angels,70,91,Ties placeholder,.435,19½,"$25,140,142"
1996,American League Team Standings,American League Team Standings,American League Team Standings,American League Team Standings,Ties placeholder,American League Team Standings,American League Team Standings,American League Team Standings
1997,1997 American League Team Standings,1997 American League Team Standings,1997 American League Team Standings,1997 American League Team Standings,Ties placeholder,1997 American League Team Standings,1997 American League Team Standings,1997 American League Team Standings
1997,East,Team | Roster,Wins,Losses,Ties placeholder,WP,GB,Payroll
1997,East,Baltimore Orioles,98,64,Ties placeholder,.605,0,"$64,611,399"
1997,East,New York Yankees,96,66,Ties placeholder,.593,2,"$73,389,577"
1997,East,Detroit Tigers,79,83,Ties placeholder,.488,19,"$20,985,500"
1997,East,Boston Red Sox,78,84,Ties placeholder,.481,20,"$40,611,351"
1997,East,Toronto Blue Jays,76,86,Ties placeholder,.469,22,"$48,964,833"
1997,Central,Team | Roster,Wins,Losses,Ties placeholder,WP,GB,Payroll
1997,Central,Cleveland Indians,86,75,Ties placeholder,.534,0,"$58,865,056"
1997,Central,Chicago White Sox,80,81,Ties placeholder,.497,6,"$41,849,500"
1997,Central,Milwaukee Brewers,78,83,Ties placeholder,.484,8,"$26,564,840"
1997,Central,Minnesota Twins,68,94,Ties placeholder,.420,18½,"$32,197,500"
1997,Central,Kansas City Royals,67,94,Ties placeholder,.416,19,"$33,868,149"
1997,West,Team | Roster,Wins,Losses,Ties placeholder,WP,GB,Payroll
1997,West,Seattle Mariners,90,72,Ties placeholder,.556,0,"$46,298,970"
1997,West,Anaheim Angels,84,78,Ties placeholder,.519,6,"$46,684,364"
1997,West,Texas Rangers,77,85,Ties placeholder,.475,13,"$44,591,013"
1997,West,Oakland Athletics,65,97,Ties placeholder,.401,25,"$12,879,889"
1997,American League Team Standings,American League Team Standings,American League Team Standings,American League Team Standings,Ties placeholder,American League Team Standings,American League Team Standings,American League Team Standings
1998,1998 American League  Team Standings,1998 American League  Team Standings,1998 American League  Team Standings,1998 American League  Team Standings,Ties placeholder,1998 American League  Team Standings,1998 American League  Team Standings,1998 American League  Team Standings
1998,East,Team [Click for roster],Wins,Losses,Ties placeholder,WP,GB,Payroll
1998,East,New York Yankees,114,48,Ties placeholder,.704,0,"$73,963,698"
1998,East,Boston Red Sox,92,70,Ties placeholder,.568,22,"$59,547,000"
1998,East,Toronto Blue Jays,88,74,Ties placeholder,.543,26,"$37,618,500"
1998,East,Baltimore Orioles,79,83,Ties placeholder,.488,35,"$74,170,921"
1998,East,Tampa Bay Devil Rays,63,99,Ties placeholder,.389,51,"$27,645,000"
1998,Central,Team [Click for roster],Wins,Losses,Ties placeholder,WP,GB,Payroll
1998,Central,Cleveland Indians,89,73,Ties placeholder,.549,0,"$56,843,441"
1998,Central,Chicago White Sox,80,82,Ties placeholder,.494,9,"$37,880,000"
1998,Central,Kansas City Royals,72,89,Ties placeholder,.447,16½,"$35,610,000"
1998,Central,Minnesota Twins,70,92,Ties placeholder,.432,19,"$22,027,500"
1998,Central,Detroit Tigers,65,97,Ties placeholder,.401,24,"$23,318,980"
1998,West,Team [Click for roster],Wins,Losses,Ties placeholder,WP,GB,Payroll
1998,West,Texas Rangers,88,74,Ties placeholder,.543,0,"$62,755,368"
1998,West,Anaheim Angels,85,77,Ties placeholder,.525,3,"$54,189,000"
1998,West,Seattle Mariners,76,85,Ties placeholder,.472,11½,"$44,860,014"
1998,West,Oakland Athletics,74,88,Ties placeholder,.457,14,"$18,585,114"
1998,American League Team Standings,American League Team Standings,American League Team Standings,American League Team Standings,Ties placeholder,American League Team Standings,American League Team Standings,American League Team Standings
1999,1999 American League  Team Standings,1999 American League  Team Standings,1999 American League  Team Standings,1999 American League  Team Standings,Ties placeholder,1999 American League  Team Standings,1999 American League  Team Standings,1999 American League  Team Standings
1999,East,Team [Click for roster],Wins,Losses,Ties placeholder,WP,GB,Payroll
1999,East,New York Yankees,98,64,Ties placeholder,.605,0,"$91,990,955"
1999,East,Boston Red Sox,94,68,Ties placeholder,.580,4,"$72,330,656"
1999,East,Toronto Blue Jays,84,78,Ties placeholder,.519,14,"$48,847,300"
1999,East,Baltimore Orioles,78,84,Ties placeholder,.481,20,"$75,443,363"
1999,East,Tampa Bay Devil Rays,69,93,Ties placeholder,.426,29,"$37,860,451"
1999,Central,Team [Click for roster],Wins,Losses,Ties placeholder,WP,GB,Payroll
1999,Central,Cleveland Indians,97,65,Ties placeholder,.599,0,"$73,531,692"
1999,Central,Chicago White Sox,75,86,Ties placeholder,.466,21½,"$24,535,000"
1999,Central,Detroit Tigers,69,92,Ties placeholder,.429,27½,"$36,954,666"
1999,Central,Kansas City Royals,64,97,Ties placeholder,.398,32½,"$16,557,000"
1999,Central,Minnesota Twins,63,97,Ties placeholder,.394,33,"$15,845,000"
1999,West,Team [Click for roster],Wins,Losses,Ties placeholder,WP,GB,Payroll
1999,West,Texas Rangers,95,67,Ties placeholder,.586,0,"$80,801,598"
1999,West,Oakland Athletics,87,75,Ties placeholder,.537,8,"$25,208,858"
1999,West,Seattle Mariners,79,83,Ties placeholder,.488,16,"$45,351,254"
1999,West,Anaheim Angels,70,92,Ties placeholder,.432,25,"$51,340,257"
1999,American League Team Standings,American League Team Standings,American League Team Standings,,Ties placeholder,,,
2000,2000 American League  Team Standings,2000 American League  Team Standings,2000 American League  Team Standings,2000 American League  Team Standings,Ties placeholder,2000 American League  Team Standings,2000 American League  Team Standings,2000 American League  Team Standings
2000,East,Team [Click for roster],Wins,Losses,Ties placeholder,WP,GB,Payroll
2000,East,New York Yankees,87,74,Ties placeholder,.540,0,"$92,538,260"
2000,East,Boston Red Sox,85,77,Ties placeholder,.525,2½,"$77,940,333"
2000,East,Toronto Blue Jays,83,79,Ties placeholder,.512,4½,"$46,238,333"
2000,East,Baltimore Orioles,74,88,Ties placeholder,.457,13½,"$81,447,435"
2000,East,Tampa Bay Devil Rays,69,92,Ties placeholder,.429,18,"$62,765,129"
2000,Central,Team [Click for roster],Wins,Losses,Ties placeholder,WP,GB,Payroll
2000,Central,Chicago White Sox,95,67,Ties placeholder,.586,0,"$31,133,500"
2000,Central,Cleveland Indians,90,72,Ties placeholder,.556,5,"$75,880,971"
2000,Central,Detroit Tigers,79,83,Ties placeholder,.488,16,"$58,265,167"
2000,Central,Kansas City Royals,77,85,Ties placeholder,.475,18,"$23,433,000"
2000,Central,Minnesota Twins,69,93,Ties placeholder,.426,26,"$16,519,500"
2000,West,Team [Click for roster],Wins,Losses,Ties placeholder,WP,GB,Payroll
2000,West,Oakland Athletics,91,70,Ties placeholder,.565,0,"$31,971,333"
2000,West,Seattle Mariners,91,71,Ties placeholder,.562,½,"$58,915,000"
2000,West,Anaheim Angels,82,80,Ties placeholder,.506,9½,"$51,464,167"
2000,West,Texas Rangers,71,91,Ties placeholder,.438,20½,"$70,795,921"
2000,American League Team Standings,American League Team Standings,American League Team Standings,American League Team Standings,Ties placeholder,American League Team Standings,American League Team Standings,American League Team Standings
2001,2001 American League Team Standings,2001 American League Team Standings,2001 American League Team Standings,2001 American League Team Standings,Ties placeholder,2001 American League Team Standings,2001 American League Team Standings,2001 American League Team Standings
2001,East,Team [Click for roster],Wins,Losses,Ties placeholder,WP,GB,Payroll
2001,East,New York Yankees,95,65,Ties placeholder,.594,0,"$109,791,893"
2001,East,Boston Red Sox,82,79,Ties placeholder,.509,13½,"$109,558,908"
2001,East,Toronto Blue Jays,80,82,Ties placeholder,.494,16,"$75,798,500"
2001,East,Baltimore Orioles,63,98,Ties placeholder,.391,32½,"$72,426,328"
2001,East,Tampa Bay Devil Rays,62,100,Ties placeholder,.383,34,"$54,798,500"
2001,Central,Team [Click for roster],Wins,Losses,Ties placeholder,WP,GB,Payroll
2001,Central,Cleveland Indians,91,71,Ties placeholder,.562,0,"$91,974,979"
2001,Central,Minnesota Twins,85,77,Ties placeholder,.525,6,"$24,350,000"
2001,Central,Chicago White Sox,83,79,Ties placeholder,.512,8,"$62,363,000"
2001,Central,Detroit Tigers,66,96,Ties placeholder,.407,25,"$49,831,167"
2001,Central,Kansas City Royals,65,97,Ties placeholder,.401,26,"$35,643,000"
2001,West,Team [Click for roster],Wins,Losses,Ties placeholder,WP,GB,Payroll
2001,West,Seattle Mariners,116,46,Ties placeholder,.716,0,"$75,652,500"
2001,West,Oakland Athletics,102,60,Ties placeholder,.630,13,"$33,810,750"
2001,West,Anaheim Angels,75,87,Ties placeholder,.463,41,"$46,568,180"
2001,West,Texas Rangers,73,89,Ties placeholder,.451,43,"$88,504,421"
2001,American League Team Standings,American League Team Standings,American League Team Standings,American League Team Standings,Ties placeholder,American League Team Standings,American League Team Standings,American League Team Standings
2002,2002 American League  Team Standings,2002 American League  Team Standings,2002 American League  Team Standings,2002 American League  Team Standings,Ties placeholder,2002 American League  Team Standings,2002 American League  Team Standings,2002 American League  Team Standings,
2002,East,Team [Click for roster],Wins,Losses,Ties placeholder,WP,GB,Payroll,
2002,East,New York Yankees,103,58,Ties placeholder,.640,--,"$125,928,583",
2002,East,Boston Red Sox,93,69,Ties placeholder,.574,10½,"$108,366,060",
2002,East,Toronto Blue Jays,78,84,Ties placeholder,.481,25½,"$76,864,333",
2002,East,Baltimore Orioles,67,95,Ties placeholder,.414,36½,"$60,493,487",
2002,East,Tampa Bay Devil Rays,55,106,Ties placeholder,.342,48,"$34,380,000",
2002,Central,Team [Click for roster],Wins,Losses,Ties placeholder,WP,GB,Payroll,
2002,Central,Minnesota Twins,94,67,Ties placeholder,.584,--,"$40,225,000",
2002,Central,Chicago White Sox,81,81,Ties placeholder,.500,13½,"$57,052,833",
2002,Central,Cleveland Indians,74,88,Ties placeholder,.457,20½,"$78,909,448",
2002,Central,Kansas City Royals,62,100,Ties placeholder,.383,32½,"$47,257,000",
2002,Central,Detroit Tigers,55,106,Ties placeholder,.342,39,"$55,048,000",
2002,West,Team [Click for roster],Wins,Losses,Ties placeholder,WP,GB,Payroll,
2002,West,Oakland Athletics,103,59,Ties placeholder,.636,--,"$39,679,746",
2002,West,Anaheim Angels,99,63,Ties placeholder,.611,4,"$61,721,667",
2002,West,Seattle Mariners,93,69,Ties placeholder,.574,10,"$80,282,668",
2002,West,Texas Rangers,72,90,Ties placeholder,.444,31,"$105,302,124",
2002,American League Team Standings,American League Team Standings,American League Team Standings,American League Team Standings,Ties placeholder,American League Team Standings,American League Team Standings,American League Team Standings,American League Team Standings
2003,2003 American League Team Standings,2003 American League Team Standings,2003 American League Team Standings,2003 American League Team Standings,2003 American League Team Standings,2003 American League Team Standings,2003 American League Team Standings,2003 American League Team Standings
2003,East,Team [Click for roster],Wins,Losses,Ties,WP,GB,Payroll
2003,East,New York Yankees,101,61,1,.623,--,"$152,749,814"
2003,East,Boston Red Sox,95,67,0,.586,6,"$99,946,500"
2003,East,Toronto Blue Jays,86,76,0,.531,15,"$51,269,000"
2003,East,Baltimore Orioles,71,91,1,.438,30,"$73,877,500"
2003,East,Tampa Bay Devil Rays,63,99,0,.389,38,"$19,630,000"
2003,Central,Team [Click for roster],Wins,Losses,Ties,WP,GB,Payroll
2003,Central,Minnesota Twins,90,72,0,.556,--,"$55,505,000"
2003,Central,Chicago White Sox,86,76,0,.531,4,"$51,010,000"
2003,Central,Kansas City Royals,83,79,0,.512,7,"$40,518,000"
2003,Central,Cleveland Indians,68,94,0,.420,22,"$48,584,834"
2003,Central,Detroit Tigers,43,119,0,.265,47,"$49,168,000"
2003,West,Team [Click for roster],Wins,Losses,Ties,WP,GB,Payroll
2003,West,Oakland Athletics,96,66,0,.593,--,"$50,260,834"
2003,West,Seattle Mariners,93,69,0,.574,3,"$86,959,167"
2003,West,Anaheim Angels,77,85,0,.475,19,"$79,031,667"
2003,West,Texas Rangers,71,91,0,.438,25,"$103,491,667"
2003,2003 American League Final Standings,2003 American League Final Standings,2003 American League Final Standings,2003 American League Final Standings,2003 American League Final Standings,2003 American League Final Standings,2003 American League Final Standings,2003 American League Final Standings
2004,2004 American League Team Standings,2004 American League Team Standings,2004 American League Team Standings,2004 American League Team Standings,2004 American League Team Standings,2004 American League Team Standings,2004 American League Team Standings,2004 American League Team Standings
2004,East,Team [Click for roster],Wins,Losses,Ties,WP,GB,Payroll
2004,East,New York Yankees,101,61,0,.623,--,"$182,835,513"
2004,East,Boston Red Sox,98,64,0,.605,3,"$125,208,542"
2004,East,Baltimore Orioles,78,84,0,.481,23,"$51,212,653"
2004,East,Tampa Bay Devil Rays,70,91,0,.435,30½,"$29,506,667"
2004,East,Toronto Blue Jays,67,94,0,.416,33½,"$50,017,000"
2004,Central,Team [Click for roster],Wins,Losses,Ties,WP,GB,Payroll
2004,Central,Minnesota Twins,92,70,0,.568,--,"$53,585,000"
2004,Central,Chicago White Sox,83,79,0,.512,9,"$76,212,500"
2004,Central,Cleveland Indians,80,82,0,.494,12,"$34,569,300"
2004,Central,Detroit Tigers,72,90,0,.444,20,"$46,353,554"
2004,Central,Kansas City Royals,58,104,0,.358,34,"$47,609,000"
2004,West,Team [Click for roster],Wins,Losses,Ties,WP,GB,Payroll
2004,West,Anaheim Angels,92,70,0,.568,--,"$101,084,667"
2004,West,Oakland Athletics,91,71,0,.562,1,"$59,825,167"
2004,West,Texas Rangers,89,73,0,.549,3,"$54,825,973"
2004,West,Seattle Mariners,63,99,0,.389,29,"$81,543,833"
2004,2004 American League Final Standings,2004 American League Final Standings,2004 American League Final Standings,2004 American League Final Standings,2004 American League Final Standings,2004 American League Final Standings,2004 American League Final Standings,2004 American League Final Standings
2005,2005 American League Team Standings,2005 American League Team Standings,2005 American League Team Standings,2005 American League Team Standings,2005 American League Team Standings,2005 American League Team Standings,2005 American League Team Standings,2005 American League Team Standings
2005,East,Team [Click for roster],Wins,Losses,Ties,WP,GB,Payroll
2005,East,New York Yankees,95,67,0,.586,--,"$208,206,817"
2005,East,Boston Red Sox,95,67,0,.586,--,"$123,505,125"
2005,East,Toronto Blue Jays,80,82,0,.494,15,"$45,719,500"
2005,East,Baltimore Orioles,74,88,0,.457,21,"$73,914,333"
2005,East,Tampa Bay Devil Rays,67,95,0,.414,28,"$29,363,067"
2005,Central,Team [Click for roster],Wins,Losses,Ties,WP,GB,Payroll
2005,Central,Chicago White Sox,99,63,0,.611,--,"$75,178,000"
2005,Central,Cleveland Indians,93,69,0,.574,6,"$41,502,500"
2005,Central,Minnesota Twins,83,79,0,.512,16,"$56,186,000"
2005,Central,Detroit Tigers,71,91,0,.438,28,"$69,092,000"
2005,Central,Kansas City Royals,56,106,0,.346,43,"$36,881,000"
2005,West,Team [Click for roster],Wins,Losses,Ties,WP,GB,Payroll
2005,West,Los Angeles Angels of Anaheim,95,67,0,.586,--,"$97,725,322"
2005,West,Oakland Athletics,88,74,0,.543,7,"$55,425,762"
2005,West,Texas Rangers,79,83,0,.488,16,"$55,849,000"
2005,West,Seattle Mariners,69,93,0,.426,26,"$87,754,334"
2005,2005 American League Final Standings,2005 American League Final Standings,2005 American League Final Standings,2005 American League Final Standings,2005 American League Final Standings,2005 American League Final Standings,2005 American League Final Standings,2005 American League Final Standings
2005,"Seasonal Events: All-Star Game | HR Derby | World Series Navigation: Year in Review Menu | Previous Season | Next Season Miscellaneous: N.L. Leaderboard | Retirements | Rookies List Average Salary: $2,632,655 Minimum Salary: $316,000.00","Seasonal Events: All-Star Game | HR Derby | World Series Navigation: Year in Review Menu | Previous Season | Next Season Miscellaneous: N.L. Leaderboard | Retirements | Rookies List Average Salary: $2,632,655 Minimum Salary: $316,000.00","Seasonal Events: All-Star Game | HR Derby | World Series Navigation: Year in Review Menu | Previous Season | Next Season Miscellaneous: N.L. Leaderboard | Retirements | Rookies List Average Salary: $2,632,655 Minimum Salary: $316,000.00","Seasonal Events: All-Star Game | HR Derby | World Series Navigation: Year in Review Menu | Previous Season | Next Season Miscellaneous: N.L. Leaderboard | Retirements | Rookies List Average Salary: $2,632,655 Minimum Salary: $316,000.00","Seasonal Events: All-Star Game | HR Derby | World Series Navigation: Year in Review Menu | Previous Season | Next Season Miscellaneous: N.L. Leaderboard | Retirements | Rookies List Average Salary: $2,632,655 Minimum Salary: $316,000.00","Seasonal Events: All-Star Game | HR Derby | World Series Navigation: Year in Review Menu | Previous Season | Next Season Miscellaneous: N.L. Leaderboard | Retirements | Rookies List Average Salary: $2,632,655 Minimum Salary: $316,000.00","Seasonal Events: All-Star Game | HR Derby | World Series Navigation: Year in Review Menu | Previous Season | Next Season Miscellaneous: N.L. Leaderboard | Retirements | Rookies List Average Salary: $2,632,655 Minimum Salary: $316,000.00","Seasonal Events: All-Star Game | HR Derby | World Series Navigation: Year in Review Menu | Previous Season | Next Season Miscellaneous: N.L. Leaderboard | Retirements | Rookies List Average Salary: $2,632,655 Minimum Salary: $316,000.00"
2009,2009 American League Team Standings,2009 American League Team Standings,2009 American League Team Standings,2009 American League Team Standings,2009 American League Team Standings,2009 American League Team Standings,2009 American League Team Standings,2009 American League Team Standings
2009,East,Team | Roster,Wins,Losses,Ties,WP,GB,Payroll
2009,East,New York Yankees,103,59,0,.636,--,"$201,449,189"
2009,East,Boston Red Sox,95,67,0,.586,8,"$121,745,999"
2009,East,Tampa Bay Rays,84,78,0,.519,19,"$63,313,034"
2009,East,Toronto Blue Jays,75,87,0,.463,28,"$80,538,300"
2009,East,Baltimore Orioles,64,98,0,.395,39,"$67,101,666"
2009,Central,Team | Roster,Wins,Losses,Ties,WP,GB,Payroll
2009,Central,Minnesota Twins,87,76,0,.534,--,"$65,299,266"
2009,Central,Detroit Tigers,86,77,0,.528,1,"$115,085,145"
2009,Central,Chicago White Sox,79,83,0,.488,7½,"$96,068,500"
2009,Central,Cleveland Indians,65,97,0,.401,21½,"$81,579,166"
2009,Central,Kansas City Royals,65,97,0,.401,21½,"$70,519,333"
2009,West,Team | Roster,Wins,Losses,Ties,WP,GB,Payroll
2009,West,Los Angeles Angels,97,65,0,.599,--,"$113,709,000"
2009,West,Texas Rangers,87,75,0,.537,10,"$68,178,798"
2009,West,Seattle Mariners,85,77,0,.525,12,"$98,904,166"
2009,West,Oakland Athletics,75,87,0,.463,22,"$62,310,000"
2009,2009 American League Final Standings,2009 American League Final Standings,2009 American League Final Standings,2009 American League Final Standings,2009 American League Final Standings,2009 American League Final Standings,2009 American League Final Standings,2009 American League Final Standings
2009,"Seasonal Events: All-Star Game | Home Run Derby | World Series Navigation: Year in Review Menu | Previous Season | Next Season Miscellaneous: N.L. Leaderboard | Rookies List Average Salary: $3,240,206.81 Minimum Salary: $390,000.00","Seasonal Events: All-Star Game | Home Run Derby | World Series Navigation: Year in Review Menu | Previous Season | Next Season Miscellaneous: N.L. Leaderboard | Rookies List Average Salary: $3,240,206.81 Minimum Salary: $390,000.00","Seasonal Events: All-Star Game | Home Run Derby | World Series Navigation: Year in Review Menu | Previous Season | Next Season Miscellaneous: N.L. Leaderboard | Rookies List Average Salary: $3,240,206.81 Minimum Salary: $390,000.00","Seasonal Events: All-Star Game | Home Run Derby | World Series Navigation: Year in Review Menu | Previous Season | Next Season Miscellaneous: N.L. Leaderboard | Rookies List Average Salary: $3,240,206.81 Minimum Salary: $390,000.00","Seasonal Events: All-Star Game | Home Run Derby | World Series Navigation: Year in Review Menu | Previous Season | Next Season Miscellaneous: N.L. Leaderboard | Rookies List Average Salary: $3,240,206.81 Minimum Salary: $390,000.00","Seasonal Events: All-Star Game | Home Run Derby | World Series Navigation: Year in Review Menu | Previous Season | Next Season Miscellaneous: N.L. Leaderboard | Rookies List Average Salary: $3,240,206.81 Minimum Salary: $390,000.00","Seasonal Events: All-Star Game | Home Run Derby | World Series Navigation: Year in Review Menu | Previous Season | Next Season Miscellaneous: N.L. Leaderboard | Rookies List Average Salary: $3,240,206.81 Minimum Salary: $390,000.00","Seasonal Events: All-Star Game | Home Run Derby | World Series Navigation: Year in Review Menu | Previous Season | Next Season Miscellaneous: N.L. Leaderboard | Rookies List Average Salary: $3,240,206.81 Minimum Salary: $390,000.00"
2013,2013 American League Team Standings,2013 American League Team Standings,2013 American League Team Standings,2013 American League Team Standings,2013 American League Team Standings,2013 American League Team Standings,2013 American League Team Standings,2013 American League Team Standings
2013,East,Team [Click for roster],Wins,Losses,Ties,WP,GB,Payroll
2013,East,Boston Red Sox,97,65,0,.599,--,$
2013,East,Tampa Bay Rays,92,71,0,.564,5½,$
2013,East,Baltimore Orioles,85,77,0,.525,12,$
2013,East,New York Yankees,85,77,0,.525,12,$
2013,East,Toronto Blue Jays,74,88,0,.457,23,$
2013,Central,Team [Click for roster],Wins,Losses,Ties,WP,GB,Payroll
2013,Central,Detroit Tigers,93,69,0,.574,--,$
2013,Central,Cleveland Indians,92,70,0,.568,1,$
2013,Central,Kansas City Royals,86,76,0,.531,7,$
2013,Central,Minnesota Twins,66,96,0,.407,27,$
2013,Central,Chicago White Sox,63,99,0,.389,30,$
2013,West,Team [Click for roster],Wins,Losses,Ties,WP,GB,Payroll
2013,West,Oakland Athletics,96,66,0,.593,--,$
2013,West,Texas Rangers,91,72,0,.558,5½,$
2013,West,Los Angeles Angels,78,84,0,.481,18,$
2013,West,Seattle Mariners,71,91,0,.438,25,$
2013,West,Houston Astros,51,111,0,.315,45,$
2013,2013 American League Final Standings,2013 American League Final Standings,2013 American League Final Standings,2013 American League Final Standings,2013 American League Final Standings,2013 American League Final Standings,2013 American League Final Standings,2013 American League Final Standings
2013,Seasonal Events: All-Star Game | Home Run Derby | World Series Navigation: Year in Review Menu | Previous Season | Next Season Miscellaneous: N.L. Leaderboard | Rookies List,Seasonal Events: All-Star Game | Home Run Derby | World Series Navigation: Year in Review Menu | Previous Season | Next Season Miscellaneous: N.L. Leaderboard | Rookies List,Seasonal Events: All-Star Game | Home Run Derby | World Series Navigation: Year in Review Menu | Previous Season | Next Season Miscellaneous: N.L. Leaderboard | Rookies List,Seasonal Events: All-Star Game | Home Run Derby | World Series Navigation: Year in Review Menu | Previous Season | Next Season Miscellaneous: N.L. Leaderboard | Rookies List,Seasonal Events: All-Star Game | Home Run Derby | World Series Navigation: Year in Review Menu | Previous Season | Next Season Miscellaneous: N.L. Leaderboard | Rookies List,Seasonal Events: All-Star Game | Home Run Derby | World Series Navigation: Year in Review Menu | Previous Season | Next Season Miscellaneous: N.L. Leaderboard | Rookies List,Seasonal Events: All-Star Game | Home Run Derby | World Series Navigation: Year in Review Menu | Previous Season | Next Season Miscellaneous: N.L. Leaderboard | Rookies List,Seasonal Events: All-Star Game | Home Run Derby | World Series Navigation: Year in Review Menu | Previous Season | Next Season Miscellaneous: N.L. Leaderboard | Rookies List
2015,2015 American League  Team Standings,2015 American League  Team Standings,2015 American League  Team Standings,2015 American League  Team Standings,2015 American League  Team Standings,2015 American League  Team Standings,2015 American League  Team Standings
2015,East,Team [Click for roster],Wins,Losses,Ties,WP,GB
2015,East,Toronto Blue Jays,93,69,0,.574,--
2015,East,New York Yankees,87,75,0,.537,6
2015,East,Baltimore Orioles,81,81,0,.500,12
2015,East,Tampa Bay Rays,80,82,0,.494,13
2015,East,Boston Red Sox,78,84,0,.481,15
2015,Central,Team [Click for roster],Wins,Losses,Ties,WP,GB
2015,Central,Kansas City Royals,95,67,0,.586,--
2015,Central,Minnesota Twins,83,79,0,.512,12
2015,Central,Cleveland Indians,81,80,0,.503,13½
2015,Central,Chicago White Sox,76,86,0,.469,19
2015,Central,Detroit Tigers,74,87,0,.460,20½
2015,West,Team [Click for roster],Wins,Losses,Ties,WP,GB
2015,West,Texas Rangers,88,74,0,.543,--
2015,West,Houston Astros,86,76,0,.531,2
2015,West,Los Angeles Angels,85,77,0,.525,3
2015,West,Seattle Mariners,76,86,0,.469,12
2015,West,Oakland Athletics,68,94,0,.420,20
2015,2015 American League Final Standings,2015 American League Final Standings,2015 American League Final Standings,2015 American League Final Standings,2015 American League Final Standings,2015 American League Final Standings,2015 American League Final Standings
2015,Seasonal Events: All-Star Game | Home Run Derby | World Series Navigation: Year in Review Menu | Previous Season | Next Season Miscellaneous: N.L. Leaderboard | Rookies List,Seasonal Events: All-Star Game | Home Run Derby | World Series Navigation: Year in Review Menu | Previous Season | Next Season Miscellaneous: N.L. Leaderboard | Rookies List,Seasonal Events: All-Star Game | Home Run Derby | World Series Navigation: Year in Review Menu | Previous Season | Next Season Miscellaneous: N.L. Leaderboard | Rookies List,Seasonal Events: All-Star Game | Home Run Derby | World Series Navigation: Year in Review Menu | Previous Season | Next Season Miscellaneous: N.L. Leaderboard | Rookies List,Seasonal Events: All-Star Game | Home Run Derby | World Series Navigation: Year in Review Menu | Previous Season | Next Season Miscellaneous: N.L. Leaderboard | Rookies List,Seasonal Events: All-Star Game | Home Run Derby | World Series Navigation: Year in Review Menu | Previous Season | Next Season Miscellaneous: N.L. Leaderboard | Rookies List,Seasonal Events: All-Star Game | Home Run Derby | World Series Navigation: Year in Review Menu | Previous Season | Next Season Miscellaneous: N.L. Leaderboard | Rookies List
2016,2016 American League Team Standings,2016 American League Team Standings,2016 American League Team Standings,2016 American League Team Standings,2016 American League Team Standings,2016 American League Team Standings,2016 American League Team Standings,2016 American League Team Standings
2016,East,Team [Click for roster],Wins,Losses,Ties,WP,GB,Payroll
2016,East,Boston Red Sox,93,69,0,.574,--,$
2016,East,Baltimore Orioles,89,73,0,.549,4,$
2016,East,Toronto Blue Jays,89,73,0,.549,4,$
2016,East,New York Yankees,84,78,0,.519,9,$
2016,East,Tampa Bay Rays,68,94,0,.420,25,$
2016,Central,Team [Click for roster],Wins,Losses,Ties,WP,GB,Payroll
2016,Central,Cleveland Indians,94,67,0,.584,--,$
2016,Central,Detroit Tigers,86,75,0,.534,8,$
2016,Central,Kansas City Royals,81,81,0,.500,13.5,$
2016,Central,Chicago White Sox,78,84,0,.481,16.5,$
2016,Central,Minnesota Twins,59,103,0,.364,35.5,$
2016,West,Team [Click for roster],Wins,Losses,Ties,WP,GB,Payroll
2016,West,Texas Rangers,95,67,0,.586,--,$
2016,West,Seattle Mariners,86,76,0,.531,9,$
2016,West,Houston Astros,84,78,0,.519,11,$
2016,West,Los Angeles Angels,74,88,0,.457,21,$
2016,West,Oakland Athletics,69,93,0,.426,26,$
2016,2016 American League Final Standings,2016 American League Final Standings,2016 American League Final Standings,2016 American League Final Standings,2016 American League Final Standings,2016 American League Final Standings,2016 American League Final Standings,2016 American League Final Standings
2016,Seasonal Events: All-Star Game | Home Run Derby | World Series Navigation: Year in Review Menu | Previous Season | Next Season Miscellaneous: N.L. Leaderboard | Rookies List,Seasonal Events: All-Star Game | Home Run Derby | World Series Navigation: Year in Review Menu | Previous Season | Next Season Miscellaneous: N.L. Leaderboard | Rookies List,Seasonal Events: All-Star Game | Home Run Derby | World Series Navigation: Year in Review Menu | Previous Season | Next Season Miscellaneous: N.L. Leaderboard | Rookies List,Seasonal Events: All-Star Game | Home Run Derby | World Series Navigation: Year in Review Menu | Previous Season | Next Season Miscellaneous: N.L. Leaderboard | Rookies List,Seasonal Events: All-Star Game | Home Run Derby | World Series Navigation: Year in Review Menu | Previous Season | Next Season Miscellaneous: N.L. Leaderboard | Rookies List,Seasonal Events: All-Star Game | Home Run Derby | World Series Navigation: Year in Review Menu | Previous Season | Next Season Miscellaneous: N.L. Leaderboard | Rookies List,Seasonal Events: All-Star Game | Home Run Derby | World Series Navigation: Year in Review Menu | Previous Season | Next Season Miscellaneous: N.L. Leaderboard | Rookies List,Seasonal Events: All-Star Game | Home Run Derby | World Series Navigation: Year in Review Menu | Previous Season | Next Season Miscellaneous: N.L. Leaderboard | Rookies List
2019,2019 American League Team Standings,2019 American League Team Standings,2019 American League Team Standings,2019 American League Team Standings,2019 American League Team Standings,2019 American League Team Standings,2019 American League Team Standings,2019 American League Team Standings
2019,East,Team [Click for roster],Wins,Losses,Ties,WP,GB,Payroll
2019,East,New York Yankees,103,59,0,.636,--,"$208,084,848"
2019,East,Tampa Bay Rays,96,66,0,.593,7.0,"$60,444,931"
2019,East,Boston Red Sox,84,78,0,.519,19.0,"$222,171,123"
2019,East,Toronto Blue Jays,67,95,0,.414,36.0,"$112,037,006"
2019,East,Baltimore Orioles,54,108,0,.333,49.0,"$72,722,906"
2019,Central,Team [Click for roster],Wins,Losses,Ties,WP,GB,Payroll
2019,Central,Minnesota Twins,101,61,0,.623,--,"$121,276,933"
2019,Central,Cleveland Indians,93,69,0,.574,8.0,"$119,241,701"
2019,Central,Chicago White Sox,72,89,0,.447,28.5,"$89,354,534"
2019,Central,Kansas City Royals,59,103,0,.364,42.0,"$100,658,316"
2019,Central,Detroit Tigers,47,114,0,.292,53.5,"$116,478,400"
2019,West,Team [Click for roster],Wins,Losses,Ties,WP,GB,Payroll
2019,West,Houston Astros,107,55,0,.660,--,"$160,774,666"
2019,West,Oakland Athletics,97,65,0,.599,10.0,"$92,318,333"
2019,West,Texas Rangers,78,84,0,.481,29.0,"$127,660,652"
2019,West,Los Angeles Angels,72,90,0,.444,35.0,"$159,378,583"
2019,West,Seattle Mariners,68,94,0,.420,39.0,"$150,906,143"
2019,2019 American League Standings,2019 American League Standings,2019 American League Standings,2019 American League Standings,2019 American League Standings,2019 American League Standings,2019 American League Standings,2019 American League Standings
2019,Seasonal Events: All-Star Game | Home Run Derby | World Series Navigation: Year in Review Menu | Previous Season | Next Season Miscellaneous: N.L. Leaderboard | Rookies List,Seasonal Events: All-Star Game | Home Run Derby | World Series Navigation: Year in Review Menu | Previous Season | Next Season Miscellaneous: N.L. Leaderboard | Rookies List,Seasonal Events: All-Star Game | Home Run Derby | World Series Navigation: Year in Review Menu | Previous Season | Next Season Miscellaneous: N.L. Leaderboard | Rookies List,Seasonal Events: All-Star Game | Home Run Derby | World Series Navigation: Year in Review Menu | Previous Season | Next Season Miscellaneous: N.L. Leaderboard | Rookies List,Seasonal Events: All-Star Game | Home Run Derby | World Series Navigation: Year in Review Menu | Previous Season | Next Season Miscellaneous: N.L. Leaderboard | Rookies List,Seasonal Events: All-Star Game | Home Run Derby | World Series Navigation: Year in Review Menu | Previous Season | Next Season Miscellaneous: N.L. Leaderboard | Rookies List,Seasonal Events: All-Star Game | Home Run Derby | World Series Navigation: Year in Review Menu | Previous Season | Next Season Miscellaneous: N.L. Leaderboard | Rookies List,Seasonal Events: All-Star Game | Home Run Derby | World Series Navigation: Year in Review Menu | Previous Season | Next Season Miscellaneous: N.L. Leaderboard | Rookies List
